2.98784219721952e-06+-0.000196778197549366i,-0.000217974738140539+0.000799860483715801i,-0.000926316700008605+0.000132247060517828i,-0.000351860615207149+0.000301816573830358i,-0.000270779931278002+1.48837641732708e-05i,0.000191239792963003+-1.07734813780203e-05i,0.000167453610016074+9.91740815677305e-05i,-2.62254096328889e-07+-0.000209195875897604i,-0.000169217291879939+0.000449069577290852i,0.00043886736033318+-0.00392211305344749i,0.000496301792382932+0.000237143596797791i,0.00012201334339695+-0.00025630553866502i,7.37255826650901e-05+-0.000155955810388291i,-8.59655856976586e-06+-0.000393863421632967i,-0.000400059287329795+0.000146785644169215i,-5.80658654751264e-05+0.000183721970820787i
-6.87887178561934e-05+0.00053507251546312i,0.00034459022472665+0.00436262196171695i,-0.000698249516175636+0.000230810578954347i,-0.000224905455189635+0.00010553183132045i,0.000270414060068857+0.000162381580369851i,-0.000168690555625479+0.000335195878528868i,0.00020534943656241+0.000117455319409211i,6.25843139618557e-05+8.66835761294534e-05i,-8.37748907167689e-05+-0.000176176295887449i,0.000370154336164752+-0.000320243139499168i,0.00102814116904301+3.80033900486547e-05i,-0.000320422516563884+-0.000250276779116703i,5.65218941450963e-05+-1.30182672586948e-05i,0.000168493234689122+8.58959598948306e-05i,0.000237971351667508+4.89805869815001e-05i,5.71590255171317e-05+-0.000246819295917651i
-0.000145465763151073+-0.00038906947206672i,0.000494640942786178+0.00128011102906179i,-0.000239690121502262+3.23853565894604e-05i,0.000396935354419695+0.000359274205220628i,-0.00022143435256302+-3.51591147724596e-05i,1.46741532802077e-05+-0.000198701539739101i,-0.000209943744388326+0.000246839375072299i,-0.000111741047965358+3.08932596472665e-05i,-1.24860040959689e-05+-0.000405110543484182i,-0.000190108707818147+0.00426215514394632i,0.00102102196825538+-7.42670414299901e-05i,-0.000375965420572035+-2.69764413795437e-05i,-0.00019621153382896+0.000171313869509114i,-0.000276697170817775+0.00019306102546735i,2.87473572557638e-05+-0.000170211789205226i,-1.86585212395615e-07+0.000220462352222811i
-5.48170225995677e-05+-0.000447220575313253i,0.000211363132257551+-0.00350136684124513i,0.000313855924626953+-0.000147324452768515i,0.000460611462972944+8.43527674614131e-05i,5.14768597498624e-05+-0.000189914221152307i,0.000186413122857068+-2.64334090863436e-05i,1.97523277588267e-05+9.04705829483268e-05i,0.000103853919435693+-9.0238736453873e-05i,-1.62568391595147e-05+0.000532555793711595i,-0.000670668292397735+0.00202017602320191i,0.000394805127368606+6.921001573716e-05i,0.000555787219521188+0.000132981544709562i,0.000354897737702874+-5.60759739806525e-05i,0.000234436342248525+-0.000207373821194757i,-0.000139291541325898+-0.0001368893817787i,-8.38342205254323e-05+-0.000152823790657466i
-4.62748485211826e-05+0.000484358466772845i,-0.000236250148580795+-0.00254679249080044i,0.000509932598777384+-4.64645364733145e-05i,-0.000681938360877674+0.000388135509100574i,0.000135253987664204+7.3421154132861e-05i,-0.000293710582158112+0.000156581947305933i,8.16930779474238e-05+-0.000138270674502062i,-3.5320543417889e-05+0.000106755055800962i,0.000173044151634345+-8.45386060028581e-05i,-0.000394189572845118+-0.00207088707979868i,-0.000141142460546303+0.000208931273850734i,0.000395484075051088+0.00016999665265654i,-0.000323762106999157+-0.000153763879132066i,-5.55717177666819e-05+0.000176730102432614i,-5.18856898026124e-05+-0.000196298080979171i,0.000140548451220372+9.95770599082468e-05i
5.79692925431387e-05+-0.000237109192159306i,-0.000471674248634233+0.000289866256137494i,0.000535220020359913+0.000180700338114033i,-0.000252424055143277+0.000123801588932433i,-0.000255898207211451+0.000149069791015947i,0.000240173761596711+-0.000310548278411778i,0.000155252014991885+-7.8740059717664e-05i,-5.49337251424554e-05+-0.000120663493287298i,0.000192713861923607+-0.000504065636307211i,0.000267738061341364+-0.00285191442246257i,-0.000344650244797375+0.000114015596698738i,-0.000642828519683414+0.00023508180161789i,0.000195780874431014+7.05681841908892e-05i,-0.000128495295482725+5.76403426246609e-05i,8.18211844304992e-05+-0.000144515933409604i,-0.000133152958223986+-6.60426657985381e-05i
0.000135781906260659+-0.000354223797087161i,2.4772637467697e-05+0.00280847224782727i,0.000496868099244911+0.00013770307695688i,0.000522159439895029+0.000256268374104754i,0.000296121623908455+-8.31983095158324e-05i,-0.000107358233268746+0.000118202975871666i,-0.000154033712514234+-0.00013875395398028i,0.000114560939960588+0.000144397445043049i,4.84406910761981e-05+0.00052093813991757i,0.000525575003438446+-0.00132419596306951i,-0.00076637476560357+-0.00014043473605266i,-0.000265577082596134+0.000184383856858766i,-4.54658768267417e-05+0.000160573816970392i,0.000201461818641826+-0.00031180963211227i,0.000223287481246639+5.10522520844626e-05i,6.59330914833925e-05+2.72939261789299e-05i
0.00021495979591521+0.000565925272321434i,0.000353231912389957+0.00239674776038651i,-5.8212842723041e-05+-0.000149325980102782i,0.000243086157469437+-0.000115017880337164i,-0.00026115050749916+-0.000142024417359659i,1.09446000145737e-05+0.000163657684441723i,-0.000214669990929603+-0.000217866809154733i,-0.000111292330119939+-0.000162699682637225i,-0.000113632195550032+9.45535111646065e-05i,0.000136930922739293+0.00248596326130925i,-0.0011454755336344+-9.2457004368248e-05i,0.00052401760040758+0.000262958992351248i,-0.000130819022636136+-0.000121304796599456i,-0.000192879560727118+0.000291141516948886i,-0.000256140082491708+2.02755621703608e-05i,2.04405055575029e-05+3.51041741778989e-05i
3.75582139077136e-05+-0.000180343997654767i,0.000108778853053658+-0.00208067249016127i,-0.00095140963457366+-0.000170478096132258i,-0.000484978313747795+-0.000193423280220277i,0.000149223492187985+0.000111880942525658i,6.20726030034353e-05+-0.000353862410912946i,0.000336829495332996+-0.000112170594167039i,5.21337856694636e-05+0.000146205836809453i,-0.000102702986435528+-0.000533625287997838i,-0.000496945749562833+0.00304521382284614i,-0.000595745943438045+0.000165498733923372i,0.000150580836052011+0.000235547825308505i,0.000237012644897548+-7.93813566019438e-05i,0.000186711453217292+-6.08775079575682e-05i,-0.000122715155623168+0.000171519696502002i,-7.54059196038313e-05+-0.000118671776505525i
-5.8415857554065e-05+-0.000367855239865285i,-0.000434997417899224+-0.00329081018427648i,-0.00108144045018923+5.21263940437156e-05i,-0.000167096535030149+-0.000311257392607865i,-2.83535256091689e-05+5.6848114249148e-05i,-0.000175004596197536+0.000255796551432783i,-1.53653291212521e-06+1.30878419845558e-05i,2.2262162591627e-05+-7.55745015708265e-05i,-0.000122066527331606+0.000205267600646855i,-0.000563639407802334+-0.00142400445299776i,0.000187357954475197+0.00018463206703936i,-0.000345135603600302+0.000194287403342632i,-0.000291884236328266+0.000112565364590124i,-0.000142640408848611+-0.000257188039587813i,0.000372351038836735+0.000137178671315836i,6.98797205385199e-05+0.000187388067200234i
-0.00012668833288813+0.000572053766813487i,-0.000570863730443437+0.000576694592336147i,-0.000618025704572686+0.000169052642069716i,0.000189496297236319+-0.000179872801359988i,-0.000113455131569892+-0.000100916456143786i,0.00024291430773733+6.45797994996189e-05i,-0.000375863904699714+5.09396361906055e-05i,-6.35815772629022e-05+-2.16046358455767e-05i,-0.000117282547918863+-5.71677666726699e-05i,7.90866369898818e-05+-0.00308850207958509i,0.000677298583558049+-4.0417212755795e-05i,-0.000325402233084159+0.000152234158997867i,0.000280288652841925+6.87907623722812e-05i,-1.67452635384469e-05+0.000365887521661294i,-8.06998692951668e-05+9.33287249982326e-05i,-1.3598758557406e-05+-0.000199824343739935i
-0.000121635518173548+6.06246169326487e-06i,0.000184235688269777+0.00260981666109572i,-0.000128403341795855+-4.74097072162923e-05i,0.000496786157387862+-0.000238439320675938i,0.000251941764986215+-1.92220210785291e-06i,-0.000153867151502099+-0.000381103032902177i,9.54154793446899e-05+0.000191542150907132i,4.61912818553984e-05+9.65563674229045e-05i,5.9889501762367e-06+-0.000415844238081729i,0.000563307030340533+-0.000600498228947665i,0.00102916120141203+-0.000201867620121124i,0.000147943714389203+-6.82178555723726e-05i,-0.000189386616328402+-0.000125660098269336i,0.000184042489204934+-9.23104117997575e-05i,-0.000361034068428511+0.000124893498634986i,-5.12484580766626e-05+0.000162718128429553i
-0.000145875357211809+-0.000284100638507926i,0.000771207983487983+0.00191415924149665i,0.000448468707021495+-0.000173743248318471i,-0.000232662134007245+-0.000254938331254161i,-0.000294939152333732+0.000134859519065368i,-8.66213577529506e-06+0.000162409994949166i,0.000320109274999287+0.000176508271305859i,1.55824613313231e-05+-0.00013872654143376i,0.000140156429831185+0.000437378515805574i,0.000363065441344236+0.00193482504930216i,0.00121927147667076+8.84700873454101e-05i,0.000578596144646208+7.2822316765488e-05i,-1.03086781110651e-05+-1.80344162761593e-05i,-0.000228596016140044+-0.000252627385343131i,0.000116418159095207+-6.00535063460186e-05i,7.66899689168475e-05+-0.000112716869516694i
1.28545098206544e-05+0.000510831990219018i,0.000436541152542977+-0.00113160932074629i,0.00107583401924571+0.000217535204435689i,-0.000570345278536652+-0.000349395281395089i,0.000229051359144016+-2.39355602531175e-05i,0.000142352587890952+1.01030495306818e-05i,-0.000192032145480249+0.000103492071702797i,-7.53996419222881e-05+0.000166341660321941i,0.000139501978968264+0.000188114045079806i,-0.000455804358831893+0.00271200629636769i,0.000576021832509836+0.000200582951461286i,-0.000347028400934274+-0.00022800003310361i,0.000116492296495563+0.000110617543037966i,0.000168188399605588+0.000213929985658465i,0.000284734012800251+-0.000171975010069185i,-4.19974900245086e-05+6.1136325406299e-05i
0.000203520793347746+-0.000105399790966556i,-0.000480560565248896+-0.00263546142523625i,0.00134980216734927+0.000329201870130529i,0.000394871020572629+-0.000343794198495559i,-0.000146415830103569+-0.000165551620159283i,-0.000210617037404216+-0.000216119609507383i,-0.000259259929453458+1.01944647429191e-05i,8.70774566580033e-05+-0.00017931245345417i,6.75246410207888e-05+-0.000435520741119436i,-0.000464449401126642+-0.000183248137601283i,-0.000390156474869102+-0.000176093822742727i,-0.000501453648291722+2.3829534964684e-05i,-0.000222986064004012+3.25928087159023e-05i,-4.61454981786297e-05+-0.000197015874201992i,-0.00025780248277477+-0.000236963746251223i,-3.02764649633436e-05+3.10284045743454e-06i
0.000100251694103282+-0.000206583948854818i,-0.000631321922208735+-0.000782478049024013i,0.000675578989772171+-0.000117049447164336i,0.000393409480639912+-7.60406721676785e-05i,3.5966858138452e-05+-2.96716317254382e-06i,0.000188989367014771+0.000294109905813333i,0.000271626884398488+-0.000128271910043822i,-3.78271470087269e-05+0.00015871174184554i,1.10816410667449e-05+0.000415497440371402i,0.000339646085744696+-0.00174509901889767i,-0.00119332526002115+-0.000370001734987259i,0.000353226609395294+-0.000238816813547266i,0.000279994764725732+-0.000175047991754996i,-9.72429351539631e-05+-0.000130267223611332i,-0.00022774285125502+-0.000156676848425764i,8.98592841441688e-05+-7.21088175652492e-05i
0.000157956534131187+0.000569930868869241i,-1.7052036843615e-05+0.000313573493299681i,-0.000405350337327679+-0.00041391478085397i,-0.000271959462622106+-0.00012519209764988i,8.58198081479023e-05+0.00019293196614708i,-6.69369173833822e-05+-2.77687206033898e-05i,0.000206050461255131+-0.000221138463241474i,-4.24369662908558e-05+-0.000107670486797174i,-0.000197035965450556+4.97937240402126e-05i,0.000759221442120254+-0.00156791922228864i,-0.00130691495090787+1.24556803180217e-05i,0.000323111838450345+-0.000217171926402495i,-0.000290103304930983+3.5884136785612e-05i,0.00019875947178686+0.000261096420543519i,0.000248668687057019+-4.75558732459769e-05i,-9.38747294814183e-05+0.00011571667682613i
8.77482618970396e-05+-0.000185170738863887i,0.00060832537311164+0.0019893829399747i,-0.0012240657136961+-7.67816816267505e-05i,-0.000356025595677036+-7.23918302949758e-06i,-0.00023234934121632+-4.30342469178047e-05i,-0.000112253471294275+-0.000125170689948738i,-0.000224920051165262+-0.00028100728891673i,0.000101165753927289+5.9442652921007e-05i,-0.0001228814197865+-0.00040313667797832i,0.000222006626583786+-0.00125666373125911i,-0.00104969518607953+0.000281724519202627i,-0.000214791978303863+-0.000280095118245619i,0.000188554237407305+0.000175722079446198i,-0.000173762549950385+-0.000185011387823655i,0.000198757283277271+0.000110648993026162i,3.66034815295811e-05+-0.00012602194866548i
-0.000162170346240987+-0.000286164365500725i,0.000322151073205075+0.00266571642065646i,-0.00176346266010205+0.000262761054003405i,0.000212075304585629+-2.21249679512477e-05i,0.00032237566552056+-0.00018805156334443i,0.000211394843733659+0.000274828964436819i,-0.000174983919889642+-4.7387440962884e-05i,-9.88716711602916e-05+-2.82160619369736e-05i,-0.000117831776602375+0.000421824173955877i,-0.000563608513667721+0.00204129266065616i,-0.000140439413058339+-4.88123337082379e-05i,-0.000408164196930716+-0.000244071340582277i,-4.80517209444444e-06+-4.35340374800114e-05i,-8.09212068484913e-06+3.42997728105779e-05i,-0.000230966196606779+0.000265324890692348i,4.5783314457139e-05+0.000132548182729069i
-0.000122696431222669+0.00046144776895096i,-0.000500818527496664+-0.0016111080828839i,-0.00134330111551524+-1.93180292550496e-05i,0.00035807580555144+0.000251847841856831i,-0.000278014860976691+6.9074393928355e-05i,-9.97830499336029e-05+-0.000133634429742022i,0.000286356046673587+0.000104799517735786i,3.66826579561919e-05+-1.40876634860584e-05i,7.70250826596482e-06+4.29159177926163e-05i,-0.000642418529594857+0.00383419340783751i,0.0013339330876898+-0.000407970573326927i,0.000189755522052348+-0.000188649239025048i,-0.000159790320990472+-0.000210835562103775i,0.000215118663684855+0.000272836945864691i,-0.000116750508748663+0.000133230128923575i,-9.92618833976617e-05+-0.00015044409140991i
2.77768955329069e-06+-0.000149342509862237i,-0.000933504297282066+-0.00439973542363002i,9.90952973426049e-05+-0.000407180871905326i,-4.67751285350517e-05+0.000208326327642372i,0.000193501732789593+0.000204320592526679i,-0.000165059383698213+-0.000178211542993582i,8.05596785455022e-05+0.000177068195918436i,4.39875337547663e-05+8.78799368190253e-05i,0.000152177919087038+-0.000440309725067332i,0.000205422541163715+-0.000803130673993706i,0.00190051807455384+-0.000150287780708889i,0.000267513023785791+-0.000161131641622293i,0.000235403928175046+8.8522604284884e-05i,-0.000229318543380639+-0.000182514587839174i,0.00035104003262109+7.70123885818587e-05i,8.91253598005056e-05+0.00014897507916249i
4.85102713238568e-05+-0.00017205985419098i,-0.000179399870095848+-0.000203711351021883i,0.00138013908954658+-0.000274775734506445i,-0.000347080618585813+0.000330620101273673i,-3.16485072481868e-05+-8.81233082059136e-05i,0.000323019307732809+0.000216203483798415i,-0.000369838032367151+0.000213979506162931i,-9.03616605172018e-05+-0.000165338688767792i,0.000137356070478183+0.000363215979450566i,0.000880520750480936+-0.0040273062896032i,0.00111906158570433+0.000328587544345175i,0.000134831258108334+-0.000112084453027103i,-0.000303483446496504+0.000191996209726293i,-1.40082706967619e-05+-4.42050719884235e-05i,0.000104531509349199+2.81333556212145e-05i,-2.33759906462647e-05+-9.34402776526734e-05i
0.000175772047952894+0.000560176206828679i,0.000734644855208737+0.0028747391608947i,0.00156910742037575+0.000213274407827206i,-0.000134584790129705+0.000169679715820238i,-0.000143290352376811+-0.000171933940395976i,-0.000185277811194371+-0.000103622793839281i,-0.000152093971531247+0.000104564248205897i,7.38521284430318e-05+0.000197030384160546i,9.60233396018168e-05+-9.49045144736146e-05i,0.00035504263563647+-0.0013866457062243i,-9.92677212191022e-05+0.000362592942983043i,-0.000591469155238528+-0.000195143458077563i,0.00026502825960904+-5.49713622908975e-05i,0.00026496328696184+0.000218268762170681i,-0.000347245198263386+-0.000177447131423611i,-5.44976170686962e-05+-6.85990271269395e-06i
0.000182843785780088+-0.000345003235917186i,0.000571692201066003+0.00229050972918601i,0.00080200281597562+0.000348546156264506i,0.000747139147224494+0.0002469576483504i,0.000237974612261119+7.92654598425336e-05i,-4.79106220845205e-05+-0.00014507606621441i,0.000337262323112022+-2.57734172499239e-05i,-7.04030886052211e-06+-0.000162141868437483i,5.48037427656683e-06+-0.000489862171247732i,-0.000717839786366653+0.00148835733396269i,-0.000843225748962835+-9.67798487981578e-05i,1.7275773094089e-05+-0.000107499518349284i,-0.000155133735524772+-0.000176365236071867i,-0.000276294340212887+-0.000228645361914887i,-0.00013658317882314+-0.000219224558308111i,9.57694940530432e-05+0.000105497972925198i
0.000147338953006144+-0.000272573035843358i,-0.000524256612822808+0.000141186520924776i,0.000101165743688742+-5.6705317374748e-05i,-0.000157679677417191+0.000266674863361898i,-0.000267240876531293+0.00018140130603862i,0.000160933361157144+0.00028861588068145i,2.93802074213551e-05+-0.000121856329644868i,-6.72506744031508e-05+8.28477459113611e-05i,-0.000135200081470498+0.000515031434396588i,-0.0007361945799491+0.00257945846588848i,-0.000873964512853557+-0.000344036489997657i,0.000687636487314368+0.000118040312823436i,4.81643376654848e-05+9.82130835092407e-05i,0.000165170389093766+2.04873234966e-05i,0.000384223858375006+-0.00013568936782187i,-7.80005991325609e-05+-0.000161360890103201i
-0.000100753841529492+0.000541269188695289i,-0.000947051542423928+-0.00228879310767113i,-0.000671954305695765+-0.000326716638212616i,-0.000452402618659395+0.000305052489090037i,0.000261040135722366+-9.66702091974074e-05i,-0.000184516969872156+-0.0002288051253059i,-0.000443737244299252+-0.000187652036049027i,0.000105072432912431+2.17698745528192e-06i,-0.000148207964173789+-0.000127280327293105i,0.000393358523286767+0.00152117733765152i,-0.000814683967556618+-6.43758600518065e-06i,-0.000178853797171115+0.000131852426162491i,6.59858170300304e-05+0.000134616327719754i,-6.42105130704525e-05+0.000247319862638832i,-9.13849103225659e-05+-1.41350328083635e-05i,1.62774019280311e-05+0.000164004625499672i
-7.93214494172014e-05+-0.000414843986296266i,7.37996101568013e-05+-0.00236071255092034i,-0.00112607645727139+-4.57653080774136e-05i,4.05577624386175e-05+0.000145848356199702i,-0.000214407207615648+-0.000171914553224383i,0.000175599449063556+-0.000146304739090361i,0.000149145641120891+-0.000150312259904763i,-8.68580483895199e-05+-6.11293304006402e-05i,-5.06463616881242e-05+-0.000493174517918827i,0.00102366329039272+-0.0016088499577659i,-0.000122524566434853+0.000282187175355788i,-0.000211494903841184+0.000185177362368908i,-0.000216141864968868+-5.7133451771145e-05i,-1.85275422236416e-05+-0.000361909469278335i,-0.000445442809931583+7.22553397298045e-05i,4.93985999516972e-05+-0.000127974133022672i
-0.00011985040461857+-0.000332808403538954i,0.000948312462522616+0.000781311268386458i,-0.000903151273310958+0.000243420169582105i,0.000128539038261628+0.000291211763033101i,8.18923910063522e-05+7.03430635580305e-05i,-0.000140678534761612+0.000331150658477151i,0.000390499266085326+-1.52362500667371e-05i,3.11153778406385e-05+8.00754233783187e-05i,9.16142854547429e-05+0.000558210812879509i,0.000230654175263157+-0.00268205822406406i,0.0010014528911747+2.08712899216528e-05i,-0.000179869048679422+0.000137627263860355i,0.000320315183872834+-0.000163085654250257i,9.66124269471958e-05+-3.73729022030139e-05i,0.00013770615521244+0.000216786453022652i,-7.76476465064217e-05+8.68509982667551e-05i
-8.01173736870183e-05+0.000515317065307474i,0.0004482571551708+0.0026144411933517i,0.000124081434522691+-2.45277978547702e-05i,0.000336821179329405+0.000126672276889031i,9.14421371717455e-05+0.000143149792735188i,6.66331012796542e-05+-8.85914666471545e-05i,-8.96405031382322e-05+0.00013995686065803i,1.78293486760326e-05+-8.3658163027698e-05i,0.000114427445254905+-7.50997116214929e-05i,-0.000786267785683664+-6.07115503965768e-05i,0.00120998169750365+-0.000230152632064264i,0.000230244164131334+0.000104649854763999i,-0.000308402173677048+5.52448116747192e-05i,-0.000163037070919849+0.000185413339042204i,0.000335742691537765+0.000190279500051272i,5.78264941011154e-05+-7.46487968577677e-05i
9.48971457790284e-05+-0.000280225325936574i,-0.00067044587789769+0.000904739419336123i,0.000863622084376491+-0.000226586509627319i,-0.000423590675555192+5.63351270801009e-05i,-0.00022058300405795+-6.8660083511557e-05i,5.38351231901237e-05+-4.75228720402761e-05i,-0.000324650479938314+0.000150943742945181i,-2.77678724654228e-05+0.000118182061571624i,0.000165129423169853+-0.000351354505130491i,-0.000521966804825059+0.00221093379731709i,0.000635858551265171+8.67664716554015e-05i,0.000375180911099802+0.000310961950860907i,0.00020515488681752+9.24841083369069e-05i,0.000181907929518622+-0.00017790335672213i,-4.45630577361688e-05+9.88837581583556e-05i,-1.71644423094841e-05+7.63648856314386e-05i
0.000214113666230556+-2.18603800567266e-06i,-0.000639986682445334+-0.00126474133615901i,0.00131796520041839+0.000169812529524906i,-0.00031860691837659+-2.33935297044237e-06i,0.000275828855275906+-0.000119425520116856i,-0.000177050487548933+0.000209939115805048i,3.63772491903481e-05+0.000126446406741232i,1.36116980045189e-06+-0.000180183145396417i,4.63765748770364e-05+0.00053926143072396i,0.00062476998734965+0.00172803258127828i,-0.000195823334028918+0.000316599288710472i,-0.000563690447988901+0.000262736876436366i,-5.32495704040552e-05+-5.99833738474053e-05i,-0.000104164222814307+0.000137323872381736i,-0.000353962179530399+-5.12922630787e-05i,-7.59005914203202e-06+-3.42993532247732e-05i
0.000103446268396248+0.000479987295873649i,0.000522145535991531+-0.00184648739214191i,0.00104630898133903+0.000395821308100821i,0.000563205669333671+3.90246608277601e-05i,-0.000288126339843809+8.93714043327735e-05i,0.000210842574303316+-0.000331941581223042i,0.000396411862518476+0.000107381506823012i,3.17100489299233e-05+0.000200664630154463i,-0.000118542824853049+-0.000106652652705884i,0.000810355576047371+0.000157563766042246i,-0.000945896305824697+-0.000101664211092434i,-0.000221044455495443+0.000401987896112751i,-7.77219635641791e-05+-9.5199316889188e-05i,-5.64048206340708e-05+0.000267608788057343i,8.56567902813919e-05+-0.00026368994833572i,-3.56360005355941e-06+-7.09215408535464e-05i
-5.09958280753825e-06+-0.000406554639628329i,0.00087427350471653+-0.00144252106521909i,-0.000132074493867093+1.13251330068989e-05i,0.000157609940639278+-3.91715792527324e-05i,0.000239364685816446+0.000141411343985587i,-0.000106695664959405+-0.000217765431106248i,-0.000157992904681465+-7.54269160188094e-05i,-3.61832494259628e-05+-0.000124373311452188i,-0.000105488467095506+-6.45198151712669e-05i,-0.00032835881790579+-0.00117259450580792i,-0.00122595986973955+-0.000340367229708211i,0.000412446731458007+0.000180836641489568i,0.000176784754587719+9.68639119971157e-05i,0.000196525157997225+-0.000402557930902876i,0.000392358055006189+-0.000171341345467544i,4.04386383613535e-05+0.000167961778147368i
-6.45066095338034e-05+0.000141033694489166i,-0.000146656658751579+-9.99010630505498e-05i,-0.00113178289572777+-0.00019031335286751i,-0.000167753751459003+-6.13644678773722e-05i,-0.000113137704326122+-8.80571664474691e-05i,-6.74160047726393e-05+0.000368178952798927i,-0.00033299558392005+-8.02267517946236e-05i,2.09578124424834e-06+1.11798275306913e-05i,-0.000119237244471266+0.000429883553650484i,-0.000786382013268202+-0.0022892914327462i,-0.00039514579855802+3.84983014403389e-05i,0.000209658107349527+0.00034633631124807i,-0.0002731795601308+5.45593638110794e-05i,-0.000205713473868971+-1.91041476748191e-05i,-0.000220600377928992+-4.73546725714405e-05i,-6.6908737433469e-05+-0.000170072382242765i
-0.000148143128666288+0.000384030148476277i,-0.000815449988321862+0.00241362875338884i,-0.000901675620289313+-1.87701226629879e-05i,-0.000416753153488602+-0.000104781485160681i,-4.22146839294209e-05+-9.55194908481565e-05i,0.000171620703325385+-0.000225368852040019i,0.000242290310879576+-0.000231628031193838i,4.49182296868445e-05+4.35183259517507e-05i,1.42409644281882e-05+-0.000478834036090346i,-8.71992555192448e-05+-0.0017533387176884i,0.000631735334073431+0.000155872360330172i,4.57199135654838e-05+0.000118249308984967i,0.00030638957259043+-6.45418229838322e-05i,8.46308226555702e-05+0.000218244766155302i,-0.000249816705590988+9.98258745470046e-07i,5.38757021756262e-05+0.000113847998554811i
-0.000181012953998534+-0.000449709156075294i,-0.000262236031369351+0.00331066165978648i,-0.000283042100499343+5.99410154726298e-05i,-5.18440695889717e-05+-0.000276173606137352i,0.000189205151232832+5.13623676023301e-05i,-0.000146550472618297+-4.68979217575056e-05i,0.000173304327147499+-0.000181893232384453i,-6.5436721474597e-05+-5.16690346627011e-05i,0.000129105747645689+-0.000178686935069796i,0.000619281717552982+0.00154159317517444i,0.000831215150756601+5.4402416560788e-06i,-0.000705115234787496+0.000216417057713176i,-0.000266396401634954+-7.33350579567628e-05i,5.79575207202759e-05+-0.000279997892382945i,0.000208660146838537+0.000189433049980515i,-6.03265068896776e-06+-7.6432140107932e-05i
4.37592484716049e-05+6.75676431644255e-05i,0.000593970002723069+0.000139457454683315i,3.58925632436979e-05+-7.04797312263858e-05i,0.000811471068180463+-0.000260504171730237i,-0.000285894206945022+0.000100313438292307i,3.07307124521254e-05+0.000221398992227288i,-0.000139579069887299+5.9229137879248e-05i,4.02726525756428e-05+6.35472644940489e-05i,0.000170833068567048+0.000486292459851668i,0.000303614664392145+0.00403774561471054i,0.00116112803422814+-9.28180595474744e-05i,0.000253419831674414+0.000135805404197049i,0.000149416293570195+9.42953234574835e-05i,-0.000128808953545213+0.000217484795445153i,0.000114505113478998+0.000121581610642621i,-4.05635450109059e-05+5.85294986096422e-05i
8.83069314777582e-05+0.000227076506285445i,0.000541075344969335+-0.00353350947313492i,0.00102744354749859+-0.000178271917802191i,-0.000333500212275557+-0.000486131935569572i,0.000326702196353837+-9.78969251976682e-05i,9.24586483080854e-05+-0.000374040704592077i,-9.46297412855143e-05+0.000113535789005403i,1.11803303318193e-05+-8.07369854388952e-05i,0.000120778181419209+-0.000284669625305095i,-0.000570097259353091+0.00185779794569228i,0.00120659910863025+4.14022325308144e-05i,0.000489846021109295+0.000111497404186819i,1.93471014185233e-05+4.9191473845837e-05i,7.46798110249844e-05+0.000156063122977169i,-8.65210325661857e-05+0.000194946326046955i,4.85890341395612e-05+-2.99521975632583e-05i
0.000145505548319358+-0.000466391162948487i,-0.000326982270105352+-0.00289318663353613i,0.00160605771395829+-4.19443117209702e-05i,-0.000366319152377874+-0.000192665442219541i,-0.000276631182981984+-7.39252583176307e-05i,-0.000109719725687393+-1.69012345460832e-05i,6.29869598374959e-05+0.000278734933525679i,-4.57457877193028e-05+8.17691290986085e-05i,-4.20769030885452e-05+-2.77870401328498e-05i,-0.000613387859886084+-0.00198841140901455i,7.88442019894482e-05+0.000198779699864209i,1.97374359541076e-05+0.000141170748114298i,-0.000181800172478084+-7.11478000358443e-05i,6.35646110656096e-05+-0.000336362510209266i,-0.000162958862709526+7.13155582373001e-05i,-1.24064226383438e-05+-1.06119896084205e-05i
4.37441938151836e-05+0.00017405993541183i,-0.000681541907670388+-7.96246710542118e-05i,0.000789503021139797+0.00020546606258325i,-0.000392024617532616+-0.000259806476080436i,0.000166288738845143+9.08123029202526e-05i,-2.78480923122418e-06+0.000251845928543823i,0.000296532669923974+0.000166893562194042i,3.17814191185378e-05+-6.13075594665893e-05i,-0.000123772711340765+0.000384802557451113i,0.000336009151184464+-0.00292279571432749i,-0.00108818084768804+9.37083803647402e-05i,-0.000435977843441943+-1.43844029794349e-07i,0.000302359015088325+-7.91904547648046e-05i,-0.000152410194110581+0.000149697304343523i,3.11907297326849e-05+-0.000136095291169854i,-3.63802717747041e-05+4.7425791119666e-05i
-8.56523103573015e-05+7.09117806740858e-05i,0.000150790035143102+0.00190477116478621i,-0.000714361139847269+0.000152667568326903i,0.000539655577492491+-0.000116398908781067i,-1.37840762250669e-05+0.000113065190895402i,0.000128503120703326+-0.000250505130635957i,-3.15651900309703e-05+-7.78542756474002e-05i,2.51491600206548e-05+2.58563936985008e-05i,-0.000121875128538606+-0.000348730773059558i,0.000764395072312672+-0.00199246653956252i,-0.00117302180098317+-0.000234487576379191i,-0.000591214694251664+6.23052087669697e-05i,-0.000341114451901762+8.94839769832003e-05i,0.000110604058686923+0.000158022110432328i,0.000381214713153738+-0.000154843578228433i,5.64648778713477e-05+-7.14276177162924e-05i
-0.000129769438521477+-0.000455725801826438i,0.000756977581796635+0.00309747332680407i,-0.00154667999602516+-0.000222522757866054i,0.000599922681563689+-0.000197332766603904i,-0.000155697301814509+-9.77518313322489e-05i,-0.000159927452354433+-3.24798711313655e-05i,-0.000345962170007369+-0.000165321078702974i,-8.68443736969364e-05+1.95082650589696e-05i,-1.2662610672224e-05+0.000122089980713771i,-8.91620651669753e-05+0.000181115123990586i,-7.48001820144409e-05+-0.000260745729279382i,0.000575889829010724+-8.60147450619492e-05i,0.000304725478761438+5.94719389742038e-05i,-1.88224967826962e-05+-0.000239982668145334i,-9.8610160812787e-05+-0.000232301775962688i,-2.82478593048537e-05+7.82985705132185e-05i
-7.97400634503908e-05+0.000357272041572357i,0.00016691801544008+0.00152653461811029i,-0.00117434624461357+-0.000279575785395924i,-0.000481619594543817+-0.00023165111265218i,0.000299176162944727+-0.00011678020861851i,0.000151470880903605+0.000133274963257064i,0.000200321209536941+-0.000248450634944369i,0.000106777179878523+-6.7069991841595e-05i,9.67736375812365e-05+0.000224710146530485i,-0.00084776356384829+0.0031045142724463i,0.00117337580884244+0.000107882024523739i,0.000523767367307585+3.19720234114433e-05i,-0.000203895570208759+-7.07052520649496e-05i,-4.33994854360848e-05+0.000182258339119071i,-0.000282967626808586+-6.00367563027148e-05i,-4.24945079280479e-05+-6.20750036122063e-05i
-3.86991276719444e-05+0.00013587330432396i,-0.000582693538261556+-0.00232986898016356i,-0.000134511741511314+0.000168188245034826i,-0.00047074299317151+-0.000176819318946141i,-0.000341220895548707+6.24803111412354e-05i,-0.000130295983659872+-0.00039709029116097i,0.000267458227666097+-0.000129322902880746i,-6.26226073547088e-05+0.000103817318646963i,5.50245308779418e-05+-0.000570855222653687i,-0.000207073554510762+0.0025677839378146i,0.00160151744398052+0.00027945770938164i,-0.00026824860019295+-0.000224192587996151i,7.70316891592178e-05+-9.8186972316468e-05i,0.000108781745414034+1.83450192782111e-05i,0.000252131033981461+0.000150926198212587i,0.00011073068655571+2.41012748702346e-05i
0.00012535506392474+-0.000455440430520716i,-0.000158880550634109+-0.00283895920383922i,0.000810871100281566+0.000311266728614661i,2.71442482756888e-05+-0.000423177145411318i,0.000321054749178233+0.000152144888632346i,6.90006993923872e-05+5.94456174647883e-05i,-0.000248847059416459+1.25733974603393e-05i,-2.04737537935312e-05+-0.000124478926405628i,7.24264071582586e-05+7.36360254558711e-05i,0.000579668852354008+-0.000926069448824196i,0.0010494425791089+-0.000216715208001451i,-0.000466805467758772+-0.000199507756219582i,0.000117441169314831+8.73984285468104e-05i,-0.000190370011260824+-0.000466544245784948i,0.000242455005382692+0.00020210551347662i,-0.000126085257374621+2.89642744546183e-05i
0.000166464496567743+0.000363612487922793i,0.000586398555422265+-0.00102503386995888i,0.00110801057384723+-0.000203464245752554i,0.000497274045711278+-0.000199357919959109i,-0.00026570070664331+-4.68218792444754e-05i,7.1959477198361e-05+0.000315406114153268i,-0.000168558226064529+0.000154686156340761i,8.66241209282449e-05+0.000119883205802516i,-6.06357382556021e-05+0.000338583573391009i,0.00037444727067375+-0.00225087682101568i,-0.000164492457816148+-0.000334357763623603i,-0.000149458816884904+-0.000223034919960146i,-0.000264948051404158+8.60387260839301e-05i,0.000196493903904104+8.82746637065757e-05i,-0.000213884728619706+0.000214499425833516i,7.66073781266852e-05+-9.68072602184999e-05i
3.39386488732126e-05+5.17251321462119e-05i,0.000503549154686773+0.000292535736763147i,9.2011272912668e-05+-0.00031781122639485i,0.000254764298971538+-0.000220304076133435i,0.00010568438596274+-0.000106444083307809i,-0.000158321582887624+-0.000207236982464814i,0.000144170483398989+0.000179944302074024i,-9.13027512709458e-05+-7.3734516571006e-05i,-0.000126812921566351+-0.00051084021996819i,-0.00030948163964225+-0.00249750957071297i,-0.00121560508347379+0.000114979708935225i,0.00052414855066771+-0.000152435267481178i,0.000333047069219836+-5.76606122618213e-05i,-0.000102626628858658+3.05369923352945e-05i,-7.72639291870923e-05+-1.88986394874677e-05i,5.07515964135431e-07+0.000162120007175948i
-0.000146209205490822+-0.00048916295347662i,-0.000218211224018818+0.00213816179730693i,-0.000874645555480458+4.24865192271107e-05i,-0.000511861211522032+-9.87389397441513e-05i,7.87207977058529e-05+2.25102128809792e-05i,0.000167205060074684+0.000132653250115388i,2.4070371636689e-05+0.000143003581004645i,3.81128242615893e-05+-7.00683571639177e-06i,-0.000108167725643673+0.000210066837551001i,-0.000366974471036079+-0.00220121604236065i,-0.00079250132977899+0.000214046778278695i,0.000320449908361901+-0.000165404514949661i,-0.000358971391973151+-9.41640371502114e-05i,4.68531222309296e-06+-0.00031754078200863i,3.59671729418522e-05+-0.000174659043297486i,-4.62229374244264e-05+-0.000192269216067007i
-0.000133644265679944+0.000405705720598624i,-0.000479608150083278+0.00360940914070009i,-0.0009685336180185+9.15197335079829e-05i,-0.000367177131740399+-0.000120597619770203i,-0.000225766284063698+7.49214052747041e-05i,-0.000143043335566533+0.00032339390308483i,7.74011902202551e-05+-4.73459065564376e-05i,1.80131832416609e-05+8.80315346535824e-05i,-5.44091191532497e-05+0.000218203460891442i,0.000252187709799673+0.000109840404402874i,0.000234264767318771+-9.77728888020091e-05i,-0.000450533870664198+-0.000248340129699892i,0.000277401969515797+0.000113036444245025i,7.20545352884809e-05+0.000202889265468649i,3.94706644057276e-05+-0.000232170654928341i,3.3635248379868e-05+0.000171286800322863i
-4.07353314358533e-05+-6.2039648781583e-06i,2.47795138894629e-05+0.00193672694402422i,-0.000376246621496538+-0.000177477287802845i,0.000356547957893075+-0.000160874768874467i,0.000337540985610609+-7.62771104564805e-05i,8.85722867171551e-05+-0.000210930182639049i,-0.000124553010457278+-0.000244364903692804i,-3.24629648710537e-05+-0.000135429979699014i,3.82994552748049e-05+-0.00048394475228778i,0.000604660161316208+0.00326820867338766i,0.00090954835083321+-0.000127192022919907i,-0.000405957002649133+-0.000248990091931963i,-0.000160862471521449+8.15875044210833e-05i,-0.000143150394382404+0.000214057734168711i,0.000122272566070157+-0.000187159406388893i,1.28445207245497e-05+-0.000117632396004083i
5.1982818845026e-05+-0.000393101590463103i,0.000498137496456389+-0.00206518379032449i,0.000396548773691231+-0.000189470512768551i,0.000467094325285425+-5.95367229118887e-05i,-0.00035843951814131+-6.30146371990533e-05i,2.28466962573441e-05+-4.0309064296295e-05i,-8.29736949961717e-05+-0.000165464693898239i,-2.53818576827403e-06+0.000146280822229072i,0.000187042154684147+0.000235985018446996i,0.000154278835633019+0.00369123541601223i,0.000806756332022768+0.000134370425744682i,0.000225458207803623+-0.000262747004506796i,-3.30191977418078e-05+-0.000101652960409562i,0.000179244851439459+-0.000234993725198209i,-0.000255300685159459+-5.82902693137337e-05i,-4.91623108554611e-05+6.78686481185891e-05i
0.00014964080088083+0.000337887900338314i,0.000151218875721321+-0.00440257938802292i,0.000832591753364983+0.000141261401056392i,-8.18466046526076e-05+-8.21455017767096e-05i,0.000312467936897443+8.58756751642283e-05i,-0.000148271999093557+0.000226996966690091i,0.000355012912411816+-0.000132586807580649i,5.83095050526836e-05+-0.000148551115375102i,6.36399569082278e-05+0.000212011869615143i,-0.000505157918090219+0.000419611495470837i,0.000112202602204455+0.000292533382629732i,0.000548316397452028+-0.000266106232485796i,0.000195143150875785+-0.000120052512445036i,-9.86627982253345e-05+0.000134029054590332i,-1.46712160401425e-05+0.000122816326762989i,4.11664581927963e-05+-3.88772923934232e-05i
0.000142193837310998+-0.000168907155195313i,-0.000572811661607525+-0.00294999715663072i,0.000570830347727639+0.000271398466180606i,-0.00062526666274193+-0.000122182266905352i,-0.000180107674915933+0.000112200222976531i,0.000112683393819298+-0.000281090468789549i,-4.02632669328751e-05+8.44484829958068e-05i,-8.91642366161651e-05+0.000163043166230774i,-1.90310249499408e-05+-0.000391749762661549i,-0.000336807567223748+-0.00310450822603786i,-0.000699959839307977+-0.000174777760867641i,6.96398812361976e-05+-0.000326000585490816i,-0.000311143603627697+0.000103899649627794i,-7.28855519264923e-05+0.000216351314616628i,0.000376401159010162+0.000221818818641874i,1.12486372111884e-05+1.12420093802093e-05i
1.06551601691199e-05+-0.000291426711404707i,-0.000469425100724476+0.000420844556500931i,-0.00040224096926239+-0.000197271473496884i,-0.000238559237083165+-0.000160802143237091i,4.0931750388146e-05+-0.000121051431410872i,5.14222839683949e-05+-3.59740168591484e-05i,-0.000365476280609796+0.000230090381956134i,6.58829508257338e-05+-0.000174116731524766i,-0.000176285870813909+0.000444473348595433i,0.000464958304645687+-0.00382277289248863i,-0.000797944812848026+-0.000186902611396753i,-0.000640864316663821+-0.00014475641328913i,0.000368226654136352+0.000122640490107164i,8.13599167744923e-05+-0.000317088929866314i,-6.40990437231093e-05+3.67977682586368e-05i,-7.1727783067636e-05+3.82625924419371e-05i
-3.32322393550554e-05+0.000550991354176729i,0.000443239979993979+0.00274508399103591i,-0.000810888075321958+-0.000119722395632718i,0.000573522790392682+-6.09137598192733e-05i,0.000155824006752841+-0.00012277285389023i,-7.54898491094748e-05+0.000351756356364089i,8.23212441099166e-05+0.000224206956289396i,-2.1733348289974e-06+0.000152909309199426i,-0.000115017974508677+-0.000147223913648195i,0.000461646354968357+-0.0018444525235619i,7.34470042081133e-05+0.000256946742381489i,-0.000399668638723615+-0.000211273450046434i,-0.000331074501511754+-3.66205446824134e-05i,5.45855156847438e-05+4.29663504928896e-05i,-0.000351930270656323+-6.07059309356283e-05i,9.26543799919227e-05+-9.9333135783505e-05i
-4.88150048017042e-05+-0.000555731446343682i,0.000525202375006953+0.00275341065981124i,-0.000145944251335894+0.000302227245571961i,0.000527129793338946+5.23328966651377e-05i,-0.000293160977653161+7.21027230109215e-05i,-3.79162770271381e-05+-0.000192308170878023i,0.000339063528756902+0.000142543212595542i,-5.32067355663496e-05+-9.80102696269876e-05i,2.88716537218887e-05+-0.000373859165692902i,-0.000519426162982201+0.000888059711865948i,0.000747614686080665+0.000109210652212594i,0.000465856599814353+-0.000265489020092142i,0.000224840933899872+-0.00017610803047175i,-8.36756986143979e-05+0.000250433271658556i,0.00013431348545298+-0.000244155772737017i,-5.62816636160271e-05+0.000140704738704777i
-9.72764288828893e-05+-5.77344689925677e-05i,-0.00045519647705918+0.000935876032722411i,0.00051821163033077+0.000131357083454059i,-0.000365718685995603+1.96114379208882e-05i,0.000342948475559188+0.000142884441871329i,6.67728459108996e-05+-0.000167554413571498i,-0.000184405028829604+-0.00018007913272692i,5.58175865435275e-05+3.1914501432329e-05i,6.31577437364435e-05+0.000635194164769375i,-0.000680614541903741+0.00249330634585287i,0.00071007517586649+-0.000288587889208301i,0.00058943951161623+-0.000412541288270431i,-8.85920052073991e-05+2.11061918889862e-05i,-3.43875489727522e-06+-0.000280050317323543i,0.000354793343310798+-0.000203632255070232i,-7.68326281742216e-06+-0.000149027061547276i
6.56840472845001e-05+0.000490429903144826i,-0.00070093676785798+-0.00111700113718756i,0.000914833092217623+-0.000220647052042626i,-0.00053147094446528+-5.84636860387354e-05i,-0.000338516981721461+-3.78837365515852e-05i,-1.67706069410883e-06+0.000274497700993191i,-0.000378535987819184+-0.000263207861898125i,-2.88655621261759e-06+3.0273909325232e-05i,9.10619156883913e-05+-0.000325257220285313i,0.000239052528155457+0.00228420735635918i,0.000373833531168693+-0.000144637757553148i,-0.000244374389799839+-0.000413004322991095i,-9.83579607262548e-05+0.000120098675131473i,1.22044696319539e-05+4.15184803204033e-06i,-0.000195109960403457+-5.79399746615786e-05i,4.41312737637247e-05+0.000129130945924003i
0.000188195677214776+-0.000544863304716807i,0.000140316744174303+-0.00230014754888764i,0.000903969723189114+-0.000134151200903437i,4.26675764480466e-05+-0.000207507621399956i,0.00027452832914058+-9.48446048836858e-05i,3.18145721023433e-05+-0.00025399625915416i,0.000143803433758687+-0.000208233427325362i,-6.19902436110929e-05+-7.78437165875263e-05i,9.50725087356279e-05+-0.000231922891873947i,0.000589320683586519+0.00104674667271202i,6.91920893365904e-05+0.000137932319008148i,-0.000349241836491492+-0.000104736336260204i,0.000234156421758008+6.82820792500258e-07i,6.16879164041038e-05+0.00021037257754273i,-0.0003946528707403+8.02601704828412e-05i,-1.66658415920278e-05+-8.51879359722757e-05i
0.000100780130279141+0.000183919426764509i,0.000608350967414963+-0.00273740260611065i,0.000607842613321051+9.78624556430513e-05i,0.000151150142967901+-3.84584753157402e-05i,-0.000116439650383873+1.43630539824341e-05i,-0.000159885981870461+-0.00014121428204262i,0.000410928647033525+-6.32293413448059e-06i,7.92654318786686e-05+0.000104856400401388i,-7.97335481358761e-05+0.000592800944168895i,-0.000167579074256025+-0.000564928840906281i,-0.00043414310872399+6.75008858593082e-05i,-0.000196498019629082+-0.000223023621584457i,-0.000341695620763899+-0.000116960232340374i,-6.76250324170316e-06+-0.000417699397951413i,4.47393325157319e-05+0.000301769545154023i,-5.60212872235479e-05+2.82574050657617e-05i
-5.27056138796965e-05+0.000453772999455801i,-0.000128344476794489+-0.00198954654909982i,-0.00016023878740732+7.55734079523446e-05i,0.000376345655494056+6.70129427510448e-05i,-3.70126999859492e-05+0.000113282364270051i,0.000128069189789753+0.000397651853751861i,5.36473045996298e-05+0.000190777655950577i,-2.65792665156735e-05+-0.000107316493685418i,-0.000184046783442919+-0.000494616355550563i,-0.000702399528434055+-0.00267016816810545i,-0.000604033453705954+-0.000165693784274051i,0.000106927834488934+-0.000228487218042762i,0.000336546684766242+-1.97344976297099e-05i,-0.000184653790913222+-5.54426960199243e-05i,0.000422384877966746+0.000176312086048263i,0.000108423404306004+4.3343250192391e-05i
-0.000155578091425346+-0.000558195698086037i,-0.000779411403804095+0.000762343746780803i,-0.000684808742484744+-0.000222889236741093i,-0.000237297525807724+0.000146835102196308i,0.000197837070336096+-3.46552644158269e-05i,7.76822660569923e-05+-0.000119795295733753i,-0.000393924942703282+0.000151837327084763i,-5.56724711895973e-05+5.67839661716804e-05i,-5.62347394877266e-05+-3.28158972338828e-05i,5.46672450396649e-05+-0.0036243343401157i,7.64805630752112e-05+-0.000128940972949591i,0.000561380189155702+-0.000349796039160348i,-0.000255702128564939+6.99690414471847e-05i,0.000213742773591439+0.00022956261680227i,0.000118426158736361+-2.43145167999781e-05i,-0.000101976493838886+-0.000112929102773429i
-9.74288019618486e-05+0.000406192163291425i,-7.46342613718127e-05+0.00330675547896181i,-0.000164904503657714+-0.000162167204947269i,-0.000676576863433843+4.63948560929811e-05i,-0.000287927200231994+-0.000120342129837309i,-0.0001725393818698+-0.000189327883313931i,-8.04493085142721e-05+7.17182449037634e-05i,0.000108135831344025+3.6696447321807e-05i,8.60061050500709e-05+0.000361186821583466i,0.00080419714103032+-0.00152684427544349i,0.00088245763741022+0.000256813070702505i,-0.000265185713266588+-0.000342552729325045i,0.000171499055601256+4.53812592639533e-05i,-5.09287286012102e-05+-0.000258454544420459i,-0.00026887364891634+-0.000173583462808567i,3.56695504381217e-05+0.00012216437465576i
4.79936558696666e-06+4.06275492547438e-06i,0.000712798029064322+0.00274162703187383i,0.000876997469739819+0.000275158696200602i,0.000177345289990031+-3.52770814837637e-05i,0.00033028295756158+-3.36784995036057e-05i,8.90344680576643e-05+0.000244026964473849i,0.000158965767741765+-0.000116930293959602i,-9.23533498725482e-05+-9.15342174501153e-05i,0.000129899574847743+-0.00060852333747308i,0.000129756526252059+0.00173180272167163i,0.000644884609824548+0.000171647436548399i,-0.000612523702953609+-0.000280169103979416i,4.94080429866956e-06+-0.000117491592286176i,-6.89716615981668e-05+-7.12905865540976e-05i,7.06992524772599e-06+-0.000222413307329681i,4.52476070153537e-05+-6.76025105035188e-05i
0.000131524546937531+-0.000410832769542615i,8.71971321300653e-05+1.93651140558802e-06i,0.00103724938463028+0.000161324204299864i,0.000444801666329611+-1.11005540313551e-05i,-0.000308304656748081+0.000125458221055096i,2.65398404464267e-06+-4.31619442701348e-05i,6.91249631507185e-05+-0.000183259979032311i,2.29163138267475e-05+9.30699188378167e-05i,0.000160829604508416+0.000324734730234556i,-0.000698380157205157+0.00280154145882688i,-0.000504928741203982+-0.000322474181014228i,1.22446003094981e-05+-0.000369672031364091i,-0.000161727855346906+-3.11770973162492e-06i,4.80253155469393e-05+0.000241735030914273i,0.000197830505098469+-2.71526158874746e-05i,-8.12902784355509e-05+1.59864021033022e-05i
0.00013572988801109+0.000545055873609074i,-0.000769877177011552+-0.00184331765849634i,0.000432780852146466+-0.000383197956805141i,0.000192642851515142+5.73218973781392e-05i,0.000164739111161026+3.91936733609544e-05i,-1.11996520519936e-05+-0.000212412944778693i,-0.00030344456720244+-0.00018653933795767i,4.27888851452134e-05+-7.85237564531239e-05i,-1.02939438171336e-05+-3.84862063939691e-06i,-0.000172486097941928+0.0014913222843256i,-0.00102637627591201+-0.000187658198548557i,0.000272924637291404+-0.000259985589155767i,0.000265200325554464+0.000126143904379177i,2.79826721310415e-06+-0.000171312840718038i,0.000256802338485244+0.00015276560788749i,4.86031845445961e-05+1.87274083054126e-05i
4.62851535670665e-05+-0.0003223330461035i,-0.000359535248504236+-0.00194464651075162i,-0.000507731731901562+-0.000265579404925939i,-0.000121437120618677+-2.96052015603423e-05i,-3.7468137856371e-05+-0.000133777554106909i,-2.47348460896376e-06+0.000293568822337444i,-0.000454525675204192+-0.000128156236948581i,-5.14827978499631e-05+5.00412781095447e-05i,-0.000142402930308576+-0.000506415056223096i,0.000764798485123478+6.21781627837728e-05i,-0.00114216858742428+0.000310668454830984i,0.000362683970353986+-0.000289164695041005i,-0.000327218648003639+5.07011796986057e-05i,-7.61158039124856e-06+-0.00015713322312304i,-0.000361192271251754+0.000214068803104302i,2.04148211457395e-05+-4.22880167240611e-05i
-6.3309817987226e-05+-0.000187249339078281i,0.000673663046183155+-0.00180414989249517i,-0.000934650762214653+0.000131643016522955i,-0.000455106748919418+-2.47024519298596e-05i,-9.72460797218181e-05+-0.000102746570209271i,-1.16494934618313e-05+7.12055412181192e-05i,0.000324037776200205+0.000208762476835558i,-1.54127204601025e-06+-2.0513680751915e-05i,-0.000166676528726827+0.000483464405983243i,0.000433446289202164+-0.000438451716723858i,-0.000449821032155806+0.000130922015103066i,1.10467871417399e-05+-0.000230694701342817i,0.000306678585941919+-0.00015848306763288i,1.27150451524278e-05+0.000342087311519148i,-0.000495939799962073+0.000201805329990181i,-6.33825542864435e-05+4.91564951168659e-05i
-0.000124357902654579+0.000473501041087835i,0.000372695178148837+-0.00162424494599936i,-0.000496120022989619+1.16025261747506e-05i,-0.000115443974471372+-5.17284517007326e-05i,0.000258404656374885+0.0001209736808518i,3.74209446666511e-07+-0.000359814604583276i,0.000344120773903171+0.000305981155952946i,6.72987029954148e-05+-2.49530716935953e-06i,5.41646343065677e-05+-0.000202256885301961i,-0.00063816054782656+-0.000985511253259678i,0.000397439403553819+-0.000110781218483256i,-0.000430297503107171+-0.000226428291122938i,-0.000224197514830325+-0.000119616092079511i,-5.30838754744521e-05+-6.12009741367919e-05i,0.000227119215667987+5.280442179028e-05i,4.01234072557807e-05+-4.45965985105508e-05i
-6.63798017582708e-05+-0.000498352047496543i,-0.000690796631364894+-0.000329625727319352i,0.000185814616319448+-0.000104349831335184i,0.000314444712648278+0.000157657475584475i,-0.00034161404378762+9.80750728134039e-05i,6.44737678649667e-05+0.000167749372794513i,-0.000122244068873951+0.000123482561191379i,-8.3142460891131e-05+5.34871778619162e-06i,0.000151466397054229+-0.000232558400069709i,-0.000300097703995062+-0.00194733288110933i,0.000548435656258442+4.95513198766057e-05i,-0.00020757630102702+-0.00033336096851232i,7.7011974476627e-05+6.97448523618458e-05i,5.90019847928953e-05+-0.000209729233940773i,0.00016976515828375+-0.000133547293503391i,3.1094593973546e-05+2.70201555987835e-05i
0.000120735426182172+0.000142973585713697i,-0.000272047960085372+0.00168622428391618i,0.000553768360941909+7.88784488678801e-05i,0.000278783667516491+-6.02264730348634e-05i,0.000322241731394831+-9.0247581160696e-06i,-0.00011189610240323+0.000104935773129876i,-8.239356863009e-05+-1.82890837866965e-05i,2.90980559952561e-05+1.45577637578065e-06i,6.40604163847012e-05+0.000588929162369711i,0.00076804152356551+-0.00157931400782163i,0.000143155021882249+0.000105195491470675i,0.000194778316225601+-0.000297278945694381i,7.71471923355682e-05+0.000121414614329248i,1.83149072214481e-06+0.000340385100051558i,-7.67287771987563e-05+-0.000240097760443516i,-8.46997869909433e-05+-3.2043300977847e-05i
0.000122399879662889+0.000409925064167284i,0.000826492103726806+0.0028083645295553i,0.000452107443458981+0.000114298271117113i,-7.83950405614683e-05+-0.000124695992020878i,-0.000260420450715226+-6.78966529831246e-05i,0.000101945249051618+-0.000367003314770861i,6.49884087032864e-05+-0.000231558473403416i,4.64488212587174e-05+2.09152303606045e-05i,-4.43241373945292e-05+-0.000450696552609179i,0.000297393042487569+0.000539661297035466i,-0.0002915764025202+-9.50416840887773e-05i,0.000397825785697718+-0.000257116392296512i,-0.000210526091784752+-5.62536206985944e-05i,-8.45177695183311e-05+-4.77644660453806e-05i,-0.000110734180911577+-0.000110358859276876i,6.71909641603008e-05+4.80154247864376e-05i
6.59247865232404e-05+-0.000538038657306048i,0.000386126045163391+0.00172275215762156i,4.61908039718064e-05+-0.00011776148363574i,-0.000530958938868298+-0.000123640229371018i,0.000156069586521669+4.88602474736754e-05i,-3.61933417683437e-05+8.85869727471552e-05i,0.000240585595194252+-0.000171764413408091i,-7.24886968554498e-05+-6.45861451728123e-05i,-0.000107236956948777+-3.93471701879914e-05i,-0.000822206511049364+0.00287427515334484i,-0.00045810151630428+-0.000141827800177265i,2.83181413384387e-05+-0.000145943098540691i,0.000313792165202093+-6.63330343457273e-05i,0.000152116292960497+-0.000407052135251354i,5.96259965365232e-05+8.79485351322352e-05i,4.67109903542269e-06+-3.0661197834085e-05i
1.94269706542038e-06+0.000327071683836461i,-0.000752668060747147+-0.000844631374188539i,-0.000362935671352511+-0.000189321507044227i,-0.000136079003592235+4.1704764754509e-05i,6.37973667155841e-06+5.67960467507628e-05i,-8.03224979978913e-05+0.000205039879955418i,8.51506269802565e-07+9.67572070076212e-06i,2.80019851449773e-05+8.59021183752029e-05i,-0.000187173744193354+0.000396699919727536i,-0.000478936750519877+0.0034184214855449i,-0.000161202627828071+0.000147684604020426i,-0.000548934145794477+-0.000215815309054632i,-0.000356017072909883+5.71232763681435e-05i,-0.000170506127763352+0.000168850817434232i,0.000404802987641507+0.000189688041791471i,-6.44261636860559e-05+-2.19215880035929e-05i
-0.000153190057233152+9.63920656849339e-05i,-0.000494305000738582+-0.00298176904842419i,-0.000310536157790199+0.000166669525599856i,0.000489373113278626+-5.37371960189814e-05i,-0.000176955541147277+-3.56875046958051e-05i,0.000207737729217591+-0.000241880351038808i,-0.000482185700020235+0.000131179301138302i,4.6878881057293e-05+-7.18438769102857e-05i,5.15291050542193e-05+-0.000494279536546859i,0.000668155105175855+0.00189769593376187i,0.000455960179951417+0.000242771334905271i,-0.000169507262790675+-0.000366984815070123i,0.000321831997498499+0.000125250249740055i,8.41383123699855e-05+7.54720036808511e-05i,9.55345723057386e-05+0.000178601089198007i,6.02783482607085e-05+8.03565910963459e-05i
-9.03520010612939e-05+-0.000422197313824294i,0.00061366706181981+-0.00345095097812897i,0.00041113295990423+0.000283248932647962i,0.000214740789746393+-0.00010129119625695i,0.00029470828940324+-0.000123106761219835i,-0.00022905037207131+0.000115227674273416i,-0.000157496646305595+0.000199100477371754i,-8.7379858722201e-05+2.49972988127537e-05i,0.000129938069172527+0.000278571543263398i,0.000444029585045234+-0.000500607214434436i,0.000700525538056779+-0.000155622345638955i,0.000477310198470827+-0.000263300068698096i,-0.000203777731002423+-4.02340140934761e-05i,9.82389685869704e-05+-0.000312290835132446i,-0.000473996907085963+-5.06971362857145e-05i,6.3288670333779e-06+-0.000129452782244557i
1.45591519678448e-05+0.000525201295729772i,0.000394908575926171+-0.00219475583100802i,0.00102363164224801+-0.0001230700269908i,-0.000375516144266441+-0.000224648488500423i,-0.000354624292178154+2.39147434079951e-05i,9.05248119270413e-05+0.000237693341428792i,0.000430371623756655+9.15075100743092e-05i,5.5457701193818e-05+5.3202531410338e-05i,8.3555310512928e-05+0.000206124784398843i,-0.000577397753152331+-0.00228850884944861i,-1.4053233061159e-05+-0.000302564495850898i,0.000379341983382927+-0.000250245060035331i,5.50408167124924e-05+-0.000161320279478201i,-0.000236956269763008+0.000165532437608196i,-0.000202885912142364+-0.000147007874168991i,-8.1746344789777e-05+0.000146325361610647i
0.000106563503068355+-0.000148107593675997i,-0.000504377884212837+3.03636619889369e-05i,0.000497538436784006+-0.000317252524231036i,-0.00054049462659609+-8.00408131353533e-05i,0.00033377885139688+0.000126872237696153i,9.65206963326624e-05+-0.000316958567317089i,0.00027924902556643+-0.000116333940869932i,2.7564168104411e-05+-0.000131416903922409i,-4.63727269877913e-06+-0.000496604803646221i,-0.000378300927750762+-0.0028219750171895i,-0.00101398631243413+0.000100633067244223i,-0.000162475065844417+-7.96090173278897e-05i,9.19811093029444e-05+-2.44962907290658e-05i,0.000199763154161517+0.000169740903716787i,0.000375344440217683+-0.000130206669674513i,0.00010257355758198+-0.00010979225463021i
0.000109193063657987+-0.000271270828009521i,-0.000366328906285172+0.00217007945697472i,-0.000795991447996611+9.68468807339795e-05i,-2.22770154005348e-05+-0.000178815540680884i,-0.000275878485979152+2.76229991650804e-05i,-0.000165746123508427+-9.22127041777643e-05i,-0.000338846611393772+-0.000191262206588059i,-9.68354899156571e-05+0.000173898307945707i,-5.49928248629674e-05+0.000450501393702853i,0.000422063062276007+-0.00200254241603195i,-0.000808811692906576+0.000325333963929264i,-0.000552985390573601+-0.000353889827812758i,-0.000239196148251411+0.000143296123514461i,-5.5666687797699e-05+-0.000336913960503768i,0.000344505663355873+-3.90780722054282e-05i,-4.90222726202176e-05+3.81943994793451e-05i
-5.42402791472022e-05+0.000476670187020288i,0.000439108933377574+0.00308611072411356i,-0.00096012273357088+0.000316493118652655i,0.000476001605827946+-0.000135722207928578i,0.000154810054969202+-0.000153233735236913i,0.000136174258184366+0.000359040728482759i,-0.000345402990612731+-4.99222829156716e-05i,9.8387300458416e-05+-0.0001790824978963i,-0.00013784682230472+-6.70673463843956e-05i,0.000399789576623811+-0.000262353870735689i,0.000659516020517149+-0.000113844021074593i,-0.000130451971601856+-0.000179720769678235i,0.000310044739902325+5.51698836224112e-05i,-6.31649237116928e-05+-4.59451610944457e-05i,-0.000291231691512096+7.69969729363253e-05i,-3.66567443862375e-05+3.77905963155745e-05i
-0.0001745156476618+-0.000380387015015725i,0.000489469167046814+0.0022897371410109i,0.000440650494206514+-0.000140108305390736i,0.000219980726209837+-0.000180332967122797i,1.16704001065286e-05+1.36812803730728e-06i,-5.68097367064555e-05+-7.70161163543724e-05i,0.000223886490662779+5.03826887923316e-05i,-3.66205669830747e-05+0.000155885099891798i,6.88328837440816e-08+-0.000205130232782878i,-0.000517177906896783+0.00117050996252164i,0.00106135842157703+-0.000289941168563002i,0.000357222690170703+-0.000306944021412556i,-0.000366153421939848+-0.000134575526292232i,0.000136250248463599+0.000221449282042229i,-0.000351868064011947+0.000133941050159334i,8.53465785106946e-05+-0.000110758714172713i
-6.13725845372082e-05+0.000176578829833669i,-0.000547463059661081+0.000367128369277616i,0.00101033999682903+-0.000252365847729542i,-0.000130417336183811+-0.000218981360311333i,-0.000136580697782768+0.000110149281973874i,-5.06103272446822e-05+-9.67217634174168e-05i,0.000318091878774765+8.33917756803871e-05i,-3.05567509779171e-05+-9.75897012512644e-05i,0.000110977846823878+0.000503004643860506i,-0.000575568473467873+0.00204334667438457i,-8.22211120120824e-05+0.000147246487656589i,0.000311152051594248+-9.0266899921025e-05i,0.00032883621931144+-0.000128227933616555i,-0.000145102409594182+-0.000252920398303198i,0.000115272534611603+4.81165499177145e-05i,-6.27869143928705e-05+0.000170642091752088i
7.31418550385232e-05+0.000340105325180641i,-0.000578848485759761+-0.00134723787955935i,0.000235310980810371+0.00013660905838363i,-0.000318379198321023+-0.000258257213187619i,0.000287363662027465+7.68136897775008e-05i,0.000159023527991787+0.000382722836423725i,-2.4158716684202e-05+0.000161369129795423i,4.76552872332458e-05+1.70546355892336e-05i,8.82956243625438e-05+-0.000415497350509368i,0.000496278609864529+0.00192548550828269i,-0.000837962965615986+0.000211826579668433i,0.000130952842375764+-0.00013755679167658i,-0.000223358639395734+0.000102004697948943i,5.32294695645822e-05+1.50465399424128e-05i,0.000236251945910953+-0.000109421757083812i,-1.90347759343146e-06+-0.000191130564572146i
0.000192309336613871+-0.000432033311098991i,0.000407961856335627+-0.0023157868287996i,-0.000692019103091396+0.000185879608384916i,-0.000407464456628511+-0.000253813736526396i,-0.000345973300003067+-6.23891501273258e-05i,-0.000128198997556101+-5.38637759343249e-05i,-0.000201020639634863+0.000135584460530119i,-3.98508812465802e-06+4.99616359656741e-05i,4.0454514416049e-05+3.20437979509861e-05i,0.000459032417564948+0.00106962802037412i,-0.00049368517310689+-0.000133131960814063i,-0.000235484020252139+1.12149602346152e-05i,9.48618263974947e-05+9.35520293072524e-05i,7.91827786755143e-05+0.000396467611725611i,-5.5830704676821e-05+-0.000202944112073433i,4.68699170303111e-05+0.000173226969094686i
6.72046038739595e-05+0.000349451212971236i,0.000316962009408544+-0.00233700412970739i,-0.000682187020931307+-0.000118282263229727i,0.000109454920676278+-0.00023458146683088i,0.000339925918910973+-4.38460471964287e-05i,4.96833728162068e-05+-0.000210515329822927i,-2.97878344252932e-05+-0.000107452934866794i,-5.65541316743722e-05+-9.63113848734844e-05i,-5.07682218894186e-05+0.000257957688480298i,-0.000312190752078026+-5.10077738895078e-05i,0.00062921138533407+-0.000181307030455606i,-0.000670908657763462+-0.000210201522443859i,8.52050318354196e-05+-9.21008675438508e-05i,-0.000120871521265673+-0.000174336781341675i,-0.00033122389159044+-0.000106910714225001i,-2.81626017308836e-05+-0.000148767300934932i
-0.000108530780007787+-3.68584725511507e-05i,-0.000239931606606778+-0.00155697297088392i,0.000314674563874086+-0.000202713305017653i,0.000846851975927153+-0.000350097340287118i,-0.000276121841459154+7.51560918028908e-05i,6.77602734349045e-05+0.000306015257804756i,0.000260868110363112+-0.000205121817341215i,7.12122765043021e-05+0.000151108178953084i,-0.000155695042572841+-0.000452002019315197i,-0.000320471790255369+-0.000914149482749279i,0.000944564816075642+0.000106914677787776i,-0.000191816473324975+-0.000110029133565535i,-0.000205045533139657+-9.26907667527059e-05i,0.000114051153248692+-0.000128413547843469i,-0.000136636054341877+6.8162779756823e-05i,-4.01431097757765e-05+0.000120332877169359i
-0.000188081244434186+-0.000326208187639055i,-0.000412696278012448+-0.000742848349810658i,0.00123314743935628+0.000109522840924932i,0.00053766176248285+-0.000364822034156443i,0.000141817987290632+0.000133835342889385i,-0.000127221158435444+3.84053577179818e-05i,8.97817586107225e-05+-0.000142885088206299i,-1.65256449417971e-05+-0.000210066191301435i,-2.23639804986702e-05+0.000314143955796961i,0.000217372160639189+-0.00144577338225738i,0.000351707489410004+0.000175212762555784i,0.00077360541212096+-0.00012172024113381i,0.000296679815522228+5.36860821450518e-05i,2.8075160055508e-05+0.000367508406511283i,0.000194499766444403+0.000130406643794545i,9.63008352475288e-05+-4.79419156811921e-05i
-4.8400389908265e-05+0.00044081421897897i,0.000206300794755309+-0.00027082670713202i,0.00119062741508569+0.000106866970503948i,-0.00056725521181124+-0.000235223207599962i,-1.56741229686693e-05+-9.40675389604492e-05i,1.24254821056111e-05+-0.000278144213747445i,-0.000190591708917059+4.11542370942308e-05i,-6.87837675637645e-05+0.000211645823379629i,0.000137754813990669+4.13415414274264e-05i,0.000487954465492541+-0.00210718582528973i,-0.00114318052723056+-0.00013893507349408i,0.000508646812548417+5.85394264466933e-05i,-0.00033716411310152+0.000151220207215372i,-0.000147073791168402+-3.05941638679255e-05i,6.98191002614732e-05+0.000128418748261291i,-8.51997435039818e-05+-7.53958438682835e-05i
8.32120717072175e-05+-0.00027977970734232i,0.000539922060939691+0.0004984858121029i,-0.000414833059705852+-0.000204606459856456i,-0.000584015724601997+-0.000165702126024002i,-0.000133382126051957+-0.000154014895151844i,0.000151726455226861+0.000180567812707639i,-0.000133926017366292+0.000126149378705743i,0.000116179586533514+-0.000115394193807031i,0.000107844450560524+-0.000364040444313847i,-0.000206887442080695+-0.0020501914568642i,-0.00162511341626701+-2.22807955604195e-05i,-0.000498408649638398+8.79962375738953e-05i,0.000289549925051639+-1.70929417571893e-05i,8.68095104343964e-05+-0.000241372574079304i,-0.000194157119464713+2.612424286233e-05i,7.65729943481886e-06+0.000184872660744861i
0.00012699297824066+-0.000122948866895294i,-0.000220866208775142+0.00165033495837093i,-0.00137319501355284+0.000153194419372761i,0.00022276173027387+-0.000112904177949852i,0.000249912730498251+-3.00147136280001e-05i,-0.000168458015218943+0.000117012044782919i,0.000161826120272592+0.000124416218567085i,-8.71970334570504e-05+-2.01406634778408e-05i,1.04384450292268e-05+0.000476247055332966i,-0.000572115500175054+-0.000971680968746306i,-0.000258993538846247+0.000179130959280378i,-0.000718483924275543+0.00017628445101007i,-0.000220052002651462+-0.000163626411786154i,8.74328728559468e-05+0.000371289258066792i,-0.000254404872125706+-6.87775725868884e-05i,7.83822549604473e-05+-0.000190923323082436i
1.84928998107269e-05+0.000422727601937715i,-0.000587033135651817+0.00236223733314656i,-0.000575849664213554+0.000101336838157718i,0.00050407291809556+-0.000207492773361904i,-0.000293952508549435+0.000153239800819832i,4.19868834898584e-05+-0.000470013151169616i,0.000393032280004569+9.00549901969973e-05i,7.96652167978331e-06+9.47548232435183e-05i,-0.000131319689899663+-0.000175241507922587i,0.000247022044087475+0.0010785203578912i,0.00109889994302653+-0.000180735039740908i,-7.70985333341283e-05+5.11910398205033e-05i,7.87994510644885e-05+-7.64654543591104e-05i,-0.00017449706077137+0.000135730786341235i,9.10956965774583e-05+-0.000209459047825838i,-0.000109346763018355+0.000112746970454257i
-0.000139822057916015+-0.00037734028619125i,0.000292168325321575+0.00165610837012577i,0.000821255568973908+-0.000171740901781719i,0.000227575613867965+-0.000405395828676917i,0.000324768802869721+4.89361743073515e-05i,6.48869423390401e-05+-9.99566247276921e-05i,-1.57867456981555e-05+-9.163069036929e-05i,5.66544174938645e-05+-9.59751151046143e-05i,-0.000118839040195732+-0.000123446418043975i,0.000590866127748288+0.00325274559134345i,0.000924677196512483+-9.09940807172025e-05i,0.00030194068016106+0.000107397810826262i,4.42708067852763e-05+0.000102647894334061i,0.000152813849085297+-0.000427240996113687i,0.000525192748429377+-0.000122789731644882i,7.23850529406284e-05+-4.03945542865175e-05i
-0.000167244171482156+0.000262184539286862i,0.00058802806422495+-0.000447239505923143i,0.00100835037556329+-9.67980252207135e-05i,-3.91194939680444e-05+-0.000142017944559441i,-0.000250490355423172+-9.28796982200352e-05i,-0.000162515453602414+0.000249013960559929i,-0.000604818614512143+-0.000106161715986585i,-6.31895119077756e-05+7.39477077271185e-05i,3.67818652520929e-05+0.000352354812751724i,-0.000325949763288663+0.00419144160924147i,-0.000408642391341084+0.000152360281260134i,0.000354390434088327+0.000217947691931583i,-0.000168392294400642+0.00010326875315876i,-9.55056034953334e-05+0.000160145889968091i,6.04794348666053e-05+9.55771297860039e-05i,-1.24901666432367e-05+9.43695807770061e-06i
-1.98656426574828e-05+9.67790164672148e-05i,-0.000316489666217519+-0.00273673347784477i,-0.000131480069855021+0.000133125880097481i,-0.000327948266057213+-0.000146790436371616i,0.000177839266058152+-0.000124244508743062i,0.000209477242029391+-0.000283223780669222i,-0.000141690224111459+-2.27262915667697e-05i,2.66563223305223e-05+-7.13829947751916e-05i,0.000117634737235719+-0.00049798329226938i,-0.000610970220631853+0.00311446785269136i,-0.00106799522501648+0.000113737085384968i,0.000192453954957929+0.000217057852970022i,0.000278276691140422+-7.21808112990892e-05i,-6.39681781149864e-05+0.000227665760605818i,-0.000600354433972335+0.000210968403686138i,-1.35490071169829e-05+-7.06689336271401e-06i
0.000161174480137092+-0.00043223674828547i,-0.000661135855868604+-0.00371480829114533i,-0.00120427585025628+0.000141362928375615i,-0.000276185878294707+-1.70783016054879e-05i,-3.45696359106662e-05+5.89774056838283e-05i,-8.23232223964381e-05+-0.000237454723896751i,0.000472796132692428+0.000111293367404281i,-1.00505579105041e-06+0.000105245115013615i,8.08004115402118e-05+0.000235258960406605i,0.000288507474595672+0.000846801047366917i,-0.000234203828114+-0.000123040389717298i,-0.00027809782890176+0.000307148847095691i,-0.000309184999117346+-0.0001453098501942i,0.000226729383167197+-0.000314744922083444i,-0.00020032370114466+0.00017556674151899i,-8.03711434109637e-06+-1.46364427421449e-05i
0.000211390070876786+0.000437814451367986i,0.000294207818980356+-0.00310750909462425i,-0.000835555625298903+-0.000129903556485525i,7.40353481304655e-05+-4.27543017767481e-05i,-9.53249202987475e-05+0.000134431207266746i,-0.000141934756752835+0.000311993468919932i,0.000185253882697882+0.000141511150328899i,2.2130575894203e-05+-0.000121944203573264i,-3.17645264228148e-05+0.000115004589046026i,0.000687945024082162+-0.000862203801942886i,0.00128129686760849+-0.00018316924389626i,-0.000356145008845961+0.000303547174694593i,0.000310059831554296+4.73625584704718e-05i,-0.000170402972078929+-8.97853663440411e-05i,0.000307734532498591+-8.05455490849926e-05i,3.68755440382307e-05+0.000101002327562184i
5.15856315949241e-05+-0.00025543869101952i,0.000631220022731491+-0.00162805415176518i,0.000889510338084856+-0.000224890560396476i,0.000216826831862501+-8.40943276553324e-06i,0.000207492278194193+6.78456785145697e-05i,0.000186238382804111+4.32574516685879e-05i,-0.00020540218636814+3.26927090238816e-06i,-6.96422225759683e-05+4.67258545332867e-05i,-0.000190367525851464+-0.000395215778162637i,-0.000356793265269836+-0.00152133041972922i,0.00144088074240821+0.000135030712880761i,-0.000242434766595995+0.000212645508048937i,-0.000228256169572852+0.00017519727376675i,-1.90422886498731e-05+0.000299905281046437i,0.000182351012778863+-0.000212088596021796i,-2.23175996666208e-05+-0.000203076112700523i
-0.000137344870112517+-0.000152750627230254i,-0.000485796065045742+-7.35947219905525e-05i,0.00152285407958836+0.000160666694296134i,0.000394670639069393+-3.2670545746447e-05i,-0.000290304567029221+-0.000147214557508529i,-8.064210272315e-05+-0.000306739109421624i,-0.000245651156237513+-0.000138078384899649i,8.63224402666147e-05+0.000111273248024412i,-7.78198695603349e-05+0.000487002103860192i,-0.000534669939575138+-0.0017306443926623i,-0.000148689592931578+0.000199751119376885i,-7.83562525490517e-05+0.000300811377599846i,0.00013888106987061+5.97915802689016e-05i,0.000147054885690653+-6.93656218434261e-05i,-5.25337857580239e-05+-0.000102045123760713i,-4.13273112644492e-05+0.00021778393107006i
-9.8198409457261e-05+0.000481531742980833i,-0.000382763050762609+0.00115098600611076i,0.000377007675739849+0.000142924699191161i,0.000222286261133559+0.000148612569126826i,0.00030702764397034+-7.32148227721488e-05i,-8.44557504215886e-05+0.000269460018400302i,-7.38844390363624e-05+-0.000181740775572728i,-3.625007064114e-05+-0.000227519596469496i,0.000177219924535912+-0.000149645311015089i,0.00058951345452736+-0.00198820354424455i,-0.00114272579324126+-0.000199416080165077i,0.000383155534887752+0.000225139897230527i,8.80267621326621e-06+-0.000106586630774703i,-0.000130130722459939+-0.000283892024885368i,-0.00016741568048614+6.48957225585366e-05i,0.000103163627085062+-8.85813892203971e-05i
6.47886226842973e-05+-0.000369102952921952i,0.000592875847298475+0.00204160997459283i,-0.000694457277041128+-0.000220803343544047i,-0.000433472681390267+0.000121641205288079i,-0.000294798125321738+5.95592667662329e-05i,0.000138652050895587+0.00023355188347828i,0.000138959190955458+-8.37587123448472e-06i,-5.24446785946264e-05+0.000201402044820348i,0.000124801955162093+-0.000258206083044639i,0.00039382437750701+-0.00207500609990435i,-0.000495393624943484+-8.57201038578979e-05i,0.000421472730199096+0.000256313755313926i,-0.000113650045271081+-8.76011749036004e-05i,-2.7109305144105e-05+0.000267506808845821i,-2.53013960387555e-05+0.00017279545148486i,-9.90516914381246e-05+-5.55870849203007e-05i
8.82593773191817e-05+7.89590134766349e-05i,0.000491253530139306+0.00260167288309209i,-0.000411401051058244+-3.53105791437163e-05i,-0.000706928514383623+0.00025268945763696i,0.000191191375138429+8.02948011010867e-05i,-2.42421213263827e-05+-0.00022055408313553i,0.000103727165773629+0.000209773566409523i,0.000102941663148215+-0.000122444368827261i,-3.66604823108461e-06+0.000398995932149118i,-0.000546377751831567+-0.00131427657299655i,0.000437223157009207+0.000222915756448762i,-0.000346536023502961+0.00019324505968285i,0.000242594573999899+7.08528710234478e-05i,0.000121638275691349+8.63300043748215e-05i,0.000319649838711114+7.76745347904573e-05i,1.94598747647661e-05+0.000100254833798584i
4.55157528560245e-05+0.00019646241095737i,-0.00051269211644198+0.00286811184507194i,0.000622856653315086+0.000210312917417931i,0.000220080938899606+0.00021340084779542i,-0.000104081035999081+-7.72764872950109e-05i,-6.3443085280878e-05+0.000140577827260874i,-0.00021250860552045+0.000160987167629218i,-6.81228799131709e-05+8.28462110694128e-05i,-0.000148127031696827+-0.000367819321562157i,-0.000519529135729153+0.000399304595695473i,0.000212219642189042+-1.10267969969881e-05i,-0.000836296071622667+0.000273903406109831i,-0.000270779122306889+8.94355398996066e-05i,-7.85953527254796e-05+-0.000289609448399144i,0.000373478898557676+-4.31569003384857e-05i,6.96552863879811e-05+-0.000110150109920882i
-9.54090969080833e-05+-0.00043366702356337i,-0.000475403317537744+0.00261613868772258i,0.00061146113909303+-6.07738569299274e-05i,0.000831612379031965+0.000361377755163625i,-4.56372218325285e-05+-9.49279325964905e-05i,0.000106172147486665+0.000294189631413589i,-0.000444450243889543+5.51540571329102e-05i,-2.07856300681564e-05+-2.54215710164792e-05i,-0.000132810155764528+0.000165174005002318i,0.00054651518500784+0.00191679188603243i,-0.000735562342511268+-0.000181131500802616i,0.000135433989780224+6.7968141350342e-07i,0.000308721095556226+-7.31797736798283e-05i,1.41147337851022e-05+0.000128144866040365i,-1.45631980517342e-05+-0.000133675393155417i,-9.37616070838219e-05+0.000131536768479827i
-0.000158882062040983+0.000476150671604728i,0.000634303318601169+0.00105234602874205i,-0.000307805021160397+-0.000125143441167676i,8.4576633631597e-05+0.000165264052636993i,0.000128943468107528+-1.45942374389562e-05i,-6.66563616156795e-05+-0.000101303992358215i,-3.57263081710944e-05+-9.92015650336588e-05i,8.66991689315749e-05+-4.7111265569773e-05i,1.58828422907999e-05+0.00019925874827406i,0.000348361083048852+0.0026160169621152i,-0.00103451296665557+0.000128949397714478i,0.000577532048526812+-4.60819117396854e-05i,-0.000239313993281622+-0.000165383024135059i,8.69676673709533e-05+0.000196560711495404i,-0.000480540033067144+-8.88195954376543e-05i,3.8494025669216e-05+-0.000104484850245027i
-5.5879000268019e-05+-0.000209048324919989i,0.000164985459353757+-0.0014721007601677i,-0.00118358235782337+0.00018533645658391i,-0.000265921534954724+0.000205017942359322i,-0.000248915125747022+0.000130334181280346i,-1.84156094122086e-05+-0.000142176531000888i,0.000438137751979326+-4.66329145855331e-05i,-7.69707171947446e-05+6.75402971773782e-05i,0.000126785259213612+-0.000496251882319083i,-0.000679702086915381+0.00327804165137725i,-0.000342839378034543+7.28466261765963e-05i,0.000249592182582893+-8.18729575983848e-05i,0.000184679034620639+-5.0076225098498e-05i,-0.000114201100001779+-0.000246913821783023i,-7.39971057748649e-05+4.69684421466944e-05i,4.02234268514831e-05+4.04934025480268e-05i
0.000152920509605451+-0.000171535018283365i,-0.000706968273058142+-0.00223905519097065i,-0.000837916650934226+3.11705493697394e-05i,-0.000352878731954563+0.000330252511486252i,0.000275473047991923+1.89043592280901e-05i,0.000110565071416443+0.000342836251451984i,-3.12733413349486e-05+-6.2937037961401e-05i,1.09807057105764e-05+-4.84053564377919e-05i,3.20019092818647e-05+0.000500225407480826i,-6.0615692699736e-05+0.00189557576745173i,0.000926724899224225+-0.000195105261426323i,3.87188272688531e-05+-0.000111826281697308i,-4.61384914144616e-05+9.51435055250037e-05i,7.89707430574557e-05+-8.25764442433079e-05i,0.000400808234298877+0.000143551209709139i,-6.88741022425384e-05+-6.8225342050144e-06i
0.000120772370638056+0.000441289203110634i,-2.32311712874671e-06+-0.00217965742927305i,0.000449998328506673+-0.000188591997931233i,-0.000287058898311563+0.000323780573123304i,-0.000295044092110773+-7.89343972650127e-05i,-0.000144883104457113+0.000122872681816514i,-0.000414530735738793+0.00011077812376834i,3.89339183976646e-05+4.27622121025063e-05i,-6.73335047002446e-05+-0.000266406044741258i,0.00079055432978178+2.11191822160993e-05i,0.000915328032296393+1.08292294003358e-05i,-0.000236354388937119+-0.000177926292612245i,-5.62577776403558e-05+4.19354692638323e-05i,4.77235842669914e-05+0.000320113938192637i,3.7098697599808e-05+0.000193791853864908i,2.64423175094247e-05+-3.41392455019974e-06i
2.43155053993164e-05+-0.000493637558622731i,0.000907456885222246+-0.00213855355415008i,0.00069483335349069+3.39987965063866e-05i,1.41033631992462e-05+0.000120557613071168i,0.00022622704694432+-7.57417839246599e-05i,3.98582661808461e-05+-0.000240340548580876i,-0.000124106271238667+7.18396969462062e-05i,-1.8319554701246e-05+-4.93424796408644e-05i,-0.000153620412022723+-8.28014594585272e-05i,-0.000115494010533978+-3.27157221372075e-05i,-0.000190257730556598+0.000181585189824876i,-0.000356883047402747+-0.000311741774852375i,0.000177780024870234+-0.000168931543008412i,-0.00010368730369838+-2.65981659076694e-05i,-0.000300979733036299+-2.22776406038662e-05i,3.49425266678611e-05+3.15454313856279e-05i
-0.000142947139503162+0.000289530997350707i,-0.000286630764124742+-0.00161042724584173i,-0.000121421883318845+0.00018628196098728i,0.000335486178486896+5.56607152721193e-05i,-0.000143696799449981+0.000101468795821925i,-4.62101932848136e-05+0.000271528354069361i,0.000255847636645061+6.9729678889926e-05i,-5.44078247571821e-05+2.54551990020053e-05i,-2.7068986869828e-05+0.000377120679272485i,-0.000910544190968935+-0.000291837816811017i,-0.000578639483307578+-3.81238911658451e-05i,-0.000246933109284018+-1.62833947564386e-05i,-0.00025989721020562+-0.000129075461198806i,9.71794228099464e-05+-0.000142536315906008i,-0.00018431303311815+-5.99344710943084e-05i,-4.07941757691909e-05+-8.26454318127698e-05i
-5.15749055734294e-05+6.49038931858433e-05i,-0.000817996077009969+-0.00133583545981827i,-0.000595077413241278+-5.2256528390195e-05i,0.000397738771663255+3.00441178965612e-05i,4.01035664879996e-05+0.000127417169916036i,-4.41548491555887e-05+0.000190307347749647i,0.000280471481032333+-9.72583478900755e-05i,0.000103250465466599+4.86237000155984e-05i,0.000127297563204476+-0.000436346314204206i,0.00036354548077941+-0.0013516200921962i,2.81918568655258e-06+-0.000198985642170595i,0.000189333962826351+-0.000279491754224155i,0.000289174331611724+8.6911343055657e-05i,-0.000150372832877532+0.00029389639741572i,0.00011505877727166+-0.000244093352428749i,-3.12736110695008e-05+0.000108238801282838i
7.24586043781166e-05+-0.000345558766759829i,0.000374059138683018+-0.00141331598313853i,-0.000273230790903374+-0.000197991077300373i,6.93170795325157e-05+1.03067105877709e-05i,0.000101390502252957+-2.73244600824144e-05i,0.000139111014884251+-0.000250430705208738i,2.72048482038141e-05+-0.000276400160927748i,-6.7473457781006e-05+-0.000134732954471646i,0.000142551010492784+0.000217769406454841i,0.000776335859780538+-0.00231406539790901i,0.00063120756402536+9.05142599592441e-05i,0.000367591800049004+-0.000272087552183698i,-0.000307421958612977+0.000168035748681723i,3.97708778865579e-05+0.00010882615958182i,0.000279723721542893+0.000151194224507372i,0.00012568837248729+-5.2033329593844e-05i
0.000190756355104083+0.00036386985467126i,0.000792144438861695+-0.000805572663497234i,0.000548450187053459+0.000134762646629039i,-0.00034904560104352+-0.00035701364193227i,-0.000204693359615075+-0.000219592708293937i,-6.62388767885125e-05+1.08658206003476e-05i,-0.000330489755191918+-1.77635539226828e-05i,-3.75315250989691e-05+0.000106483685602904i,5.99255758095703e-06+0.000124459373666726i,-0.000449301352821812+-0.0024485150083814i,0.000685123855435025+0.000163351457404113i,0.000328547013756577+-0.000378950767112538i,0.000220143572341784+3.96605189908236e-05i,8.84598951597415e-05+-0.000150776268631981i,0.000205123041251379+0.000165778656148045i,-0.000158832575631433+-3.47259318255895e-05i
5.48165508061148e-05+-0.000136091253530287i,-0.00061808346213015+0.000604224573882993i,0.00109264261805531+0.000124512934096797i,-0.000574328628746396+-0.000185143986427633i,0.000286225591743516+-8.19786974761842e-05i,-3.51646475107284e-05+0.000151914701975279i,-0.000438176203773564+1.52570274174972e-05i,0.000131743657834343+-9.91514732258693e-05i,-0.000101532448167501+-0.000348321595284994i,-0.00076088153360906+-0.0026144472312564i,-0.000286839115624452+-0.000180515941823488i,-0.000119708992040887+-2.17691173923741e-05i,-0.000147925227940857+-7.91496729042096e-05i,-6.38515558765842e-05+5.85344131061706e-05i,-0.000314999224278275+9.93349152606128e-05i,9.80798269063612e-05+6.75647453334366e-05i
-2.15439981167069e-05+-0.000169856150967781i,-0.000603974762524605+0.00181677614114537i,-0.000104705399291055+-0.000243636366053347i,-0.000304105355501585+-0.000113509665484042i,-0.000315366755417949+7.08856231966188e-05i,4.44243813494027e-05+-0.000143297556186885i,0.000293413913236878+0.000151161474157065i,-0.000144557068966206+7.8018299029044e-05i,-3.58358476253129e-05+0.000341994951460565i,0.000790248523292026+-0.00297721908225913i,-0.00124294760836275+-9.08152099370363e-05i,-0.000603781658404284+-0.000113511912886747i,-1.03968159622411e-06+-5.01540039973046e-05i,2.22485885287932e-05+0.000217795173477818i,-0.000541144636411195+-2.00434954373794e-05i,7.22661108757984e-06+-0.000124575563645282i
-0.00016631786444706+0.000385658865132755i,0.00083239007602421+0.00223681129207286i,-0.00115768642522893+-3.57688987042599e-05i,0.000433510630010738+-0.000158400744106725i,0.000291199685669688+6.47223486419096e-05i,-7.32282960241236e-05+-0.000243135638545711i,0.000509366575089391+2.4606545566956e-05i,7.94058343276025e-05+-1.91488705352429e-06i,7.72124851997589e-05+-0.000110228712795721i,0.000363506639085727+-0.00233767684390739i,-1.02953752487524e-05+0.000291509804122811i,-0.00061921182672037+-0.000139966730848609i,9.29878186112977e-05+7.65388609740301e-05i,4.13294178316733e-06+-0.000109328585140301i,0.00022715678877033+-8.32511622327656e-05i,-7.30423654162802e-05+0.00016918762034445i
1.46597878470202e-05+-0.000356031581420972i,0.00019274649715546+0.00278900160878217i,-0.000161122682647867+0.00028646241940354i,0.000719369100985487+-0.000318960208112086i,-0.000244304063561021+-9.33566199411527e-05i,6.0359760508692e-05+0.000182301826036369i,-0.00015593378103179+-7.5585102575622e-05i,-7.04697927117099e-06+-8.30745382311232e-05i,0.000179775851063412+-0.000215751164768133i,-0.000742197203416789+-0.00047706442238207i,0.00106779914771473+-5.33715166332832e-05i,0.000208282109854096+1.4545500607314e-05i,-0.000222217884489149+0.000114490917160009i,-9.33727463996647e-05+-0.000228321229415943i,0.000314655960574451+-9.32823618447394e-05i,6.01084756283643e-05+-0.000133384256875937i
0.000139771826234462+0.000100910988843448i,-0.000665921557175977+0.00364986627555756i,0.000956007625362475+-0.000155664970220438i,6.68310266814662e-05+-0.00039246210454326i,0.000119610242784145+-5.94614927795804e-05i,5.7127762484462e-05+0.000130123253866798i,-0.000188301297082254+-0.000221253927787851i,-7.16759162171408e-06+0.00010957842547172i,-1.81441046515995e-05+0.000419824616250989i,-0.000132499756439742+0.00110897538126997i,0.000371753416098704+-0.000217793732010978i,0.000631809906718981+0.000118009319374583i,0.000278804689304481+-5.83558044112137e-05i,0.000137776558465727+0.000272762449491694i,-0.000193893723449694+2.26547733081787e-05i,-8.9831342342253e-06+9.06571580179367e-05i
6.53549503661079e-05+0.000233474990384335i,-8.52922299949223e-05+0.00354228537546697i,0.000598445447738417+-8.89940213518163e-05i,-0.000309870078530426+-0.000201400825244762i,-2.86506450939654e-05+6.0271610173014e-05i,-0.000192146425837943+-0.000257112314228781i,0.000131366380769996+-4.13474816576663e-05i,-2.90536057003993e-05+-0.000155780098699485i,-7.5388454765366e-05+-0.000389237000992782i,0.000687719477278869+0.00193514179952574i,-0.000788846198749829+0.000213375938355374i,0.000386264249083725+0.000277901114465226i,-0.000309493110979163+-0.000151620242138224i,-3.00405243237896e-05+0.000103452381767496i,-0.000247082977782697+0.000179290378341094i,-8.52498957341548e-06+-5.6316773643103e-05i
-5.19598328854447e-05+-0.000452360896823501i,0.000743251768614246+0.00237239034933034i,-0.000578544625147498+0.000199228175085758i,-0.000483423587641636+-0.000215008918908213i,-0.000121956457348636+0.000162159234629423i,0.000114656230376546+5.0579297769848e-05i,0.000157167586627242+8.65409409496769e-05i,4.88748534686488e-05+0.000192397027798881i,-0.000140040425629558+0.0001172598377214i,-6.50186765055896e-05+0.00264804630305528i,-0.000792707533599285+1.9986413614856e-05i,0.000136402198015153+0.000229461573942924i,0.000292663596966526+-1.65531824704187e-05i,-0.000195844099478181+-0.000336951231593528i,-0.000128700193230218+0.000117472850238177i,-2.58876672091905e-05+-3.33536434485103e-05i
-0.00011749992181561+0.000404933161947966i,-0.000287623112211021+0.000633421546784585i,-0.000928898526584307+-1.40692267492004e-05i,-0.000622923444454333+-7.35773873104284e-05i,0.000194371472909601+3.85397634579105e-05i,0.000165159669363361+0.000238177610210227i,0.000192966601201078+0.000171261606054948i,-1.14934161025805e-05+-0.0001551434367612i,4.86361044583448e-06+0.000214891584853818i,-0.000697288622432527+0.00351924288520503i,0.000386372224513954+-0.000217523645076605i,-0.00012870664552377+0.000199522366910738i,-0.000198397570816511+0.000144246751045516i,0.000166984304681594+3.78996923355499e-05i,-9.59612986046694e-05+1.49838110839081e-05i,6.26555675435551e-05+0.000144118843823475i
-5.64299897627391e-05+-0.000173958815292396i,-0.000545741054834678+-0.000836240791202315i,0.000285946052919409+-0.00022380454869603i,-0.000269548480305867+-9.57655558343654e-06i,-0.000262552594536704+-4.09952901791127e-05i,-0.000165707244995296+-4.67322098139552e-05i,0.000208790977358088+1.0284814499618e-05i,-5.70711771548167e-05+4.77464784562857e-05i,0.000155167284552955+-0.000411096966385525i,0.000423265991390516+0.00429227713629718i,0.00107217807755384+8.13688823455259e-05i,-0.000412019721880266+0.000260712845476357i,0.000135090576623544+0.000105196960369925i,0.000106648855248038+0.000181910060782434i,0.000287502723107727+-0.000181484431749561i,-4.9151617054681e-05+-0.000178324378579161i
0.000154461858487028+-0.000119236741229305i,0.000399462337696979+-0.00193291410743176i,0.00139348305869277+0.000163571843195204i,0.00027783531580238+0.000137016816926845i,0.000291582048137592+-4.19349062390732e-05i,-3.47172457706195e-05+-0.000204092107154871i,-0.000242450768329418+-0.000135805124954806i,8.83273747063276e-05+1.78969026005437e-05i,0.000136595482188288+0.000426642229938937i,0.000432858069279048+0.00395785856163969i,-0.000209723035717886+0.00021528574020637i,-0.000140855080547561+0.000195134228853934i,4.71131757619215e-06+-3.72572641140308e-05i,-0.000141874016989569+-0.000301802729911797i,0.000455913217193225+-6.06854209632002e-05i,-2.59336956831432e-05+0.000165357577333986i
0.00014127570861048+0.000356588104489002i,0.000355402697497205+-0.00325909002260273i,0.000244559107725566+0.000167510672974773i,9.3211747985153e-05+0.000317898114727067i,-0.000258241862241334+8.98778494375822e-05i,0.000127363984012986+0.000293657883724377i,-0.000349767451864257+-9.40514122970102e-05i,-3.7304115056937e-05+-8.31665897378101e-05i,-9.26399281932483e-05+-0.000251358929839984i,-0.000348139224820205+0.00264964620019636i,-0.00165637375669402+-0.000238782480884921i,0.000335724954544181+0.000182440667813498i,-0.000106424561837297+-0.000106465105764841i,3.32896705254933e-05+-0.000278375055523479i,-0.000190473609836782+1.23088369172017e-05i,0.00010069334382193+-0.000161238571019362i
-3.99755457628432e-05+-0.0004282964862278i,-0.000335136756713504+-0.00336846004253954i,-0.00147876654755114+-0.000265239257897741i,-0.000151509904247594+0.00032273621980398i,0.000194045454396696+8.21712560200081e-05i,-0.000105737611227333+0.000177453764770592i,0.000179267343059422+-8.36648041860317e-05i,-5.95185770655362e-05+0.00016281819293083i,-7.80042987766898e-05+-3.09539984824145e-05i,-0.000226308405916664+0.00119814710303291i,-0.000530956475189412+-9.71163282853392e-05i,0.00037815876983977+9.38185090582639e-05i,0.000211875237143187+2.34440744282871e-05i,6.78495994184413e-05+0.000194195678366371i,-0.000335271077411474+0.000171808872572405i,-0.000100024447527828+9.27277816335299e-05i
-0.000113510524017815+0.000303176776274071i,-0.000108844332981313+-0.00268472696861622i,-0.0007518937840839+-3.02590049538927e-05i,-0.000345587751872925+0.000253250843150262i,-8.20372376739249e-05+1.71636150885193e-05i,3.37769123176096e-05+-0.00034449893260024i,0.000234838603368791+0.00016458300158516i,0.000114719274545258+-0.000157952412813696i,1.07074478150304e-05+0.000304646033329425i,0.000264218044055759+-0.000570801108627473i,0.00118788571492285+0.000237054711325087i,0.000350201835785051+3.74480051750641e-05i,-0.000260387045275044+9.04759138615135e-05i,-0.000127421758314177+-0.000110383784578364i,4.6105295378917e-05+5.99924471101259e-05i,1.7697207425614e-05+1.70354072854123e-05i
-0.000111105412348612+-4.22311722356435e-06i,0.000150557051529573+-0.00289622747119068i,0.00078769710550473+0.000176037267447319i,-0.00055901768462511+0.000165543087221214i,-1.63592474742374e-05+-9.47365720099848e-05i,6.38002151993939e-05+9.01946162127388e-06i,-2.52271009196015e-05+0.000133047089385508i,-7.73282986735846e-05+0.000111681766790692i,0.000243659285747846+-0.000426838710654709i,7.41057889665784e-05+-0.00197983352360341i,0.000866978379565622+9.01393023505382e-07i,-2.36027222854182e-05+-4.67506880859067e-05i,0.000276245394655788+1.50859381261338e-05i,0.000127292682193244+-0.000291908575100651i,0.000240977049088391+-0.000110587015097718i,7.21731305186282e-05+-6.50264895553901e-05i
0.000191604006999052+-0.000296417865237168i,0.000160577935098953+-0.002515512269298i,0.000892996065939434+2.67897367459113e-05i,6.1327205680607e-07+0.000263745568698796i,0.000142479838426515+-6.52144630860648e-05i,-0.000164372761646651+0.000143595669549131i,-0.000236089121355071+1.86060380117649e-05i,-1.41020447267942e-05+-7.98389273472799e-05i,0.000101297162179217+0.000286281577665972i,-0.000108677635706378+-0.00196265101726329i,-0.000409653013506188+-0.000131965224991809i,-0.000514309340686972+-0.000105586318972389i,-0.00025232106640413+-0.00011901467163758i,-6.83016960325744e-05+1.03704965278115e-05i,0.00011225015223948+-0.000200206835251704i,-8.71128495504938e-05+0.000109773299852882i
0.000108673021663469+0.000396309441304765i,-0.000214160081337254+-0.00128008195302706i,-0.000121795952129272+-0.000160258343299528i,0.000588251626364555+0.00012877673679132i,-0.000220311950365627+5.98718980040813e-05i,0.000206885817074221+-0.000177751197029712i,-0.000203400782823781+-0.000228894586941163i,6.82170565167905e-05+-1.80713047732047e-05i,-0.000171989015388552+2.19538905530966e-05i,-0.000225255531734016+-0.00221396144951067i,-0.000879387140716969+-7.36920084288919e-05i,-0.000356050862907956+-0.000407159383837617i,0.000162615318054383+-7.8894441336448e-05i,-0.000131834309085446+0.000196728937718655i,-0.000236925221783851+-9.38939077359291e-05i,1.92172583891555e-05+-0.000124548761903723i
